-- MySQL dump 10.13  Distrib 8.0.44, for Linux (x86_64)
--
-- Host: localhost    Database: vacations_sweden
-- ------------------------------------------------------
-- Server version	8.0.44-0ubuntu0.24.04.1

/*!40101 SET @OLD_CHARACTER_SET_CLIENT=@@CHARACTER_SET_CLIENT */;
/*!40101 SET @OLD_CHARACTER_SET_RESULTS=@@CHARACTER_SET_RESULTS */;
/*!40101 SET @OLD_COLLATION_CONNECTION=@@COLLATION_CONNECTION */;
/*!50503 SET NAMES utf8mb4 */;
/*!40103 SET @OLD_TIME_ZONE=@@TIME_ZONE */;
/*!40103 SET TIME_ZONE='+00:00' */;
/*!40014 SET @OLD_UNIQUE_CHECKS=@@UNIQUE_CHECKS, UNIQUE_CHECKS=0 */;
/*!40014 SET @OLD_FOREIGN_KEY_CHECKS=@@FOREIGN_KEY_CHECKS, FOREIGN_KEY_CHECKS=0 */;
/*!40101 SET @OLD_SQL_MODE=@@SQL_MODE, SQL_MODE='NO_AUTO_VALUE_ON_ZERO' */;
/*!40111 SET @OLD_SQL_NOTES=@@SQL_NOTES, SQL_NOTES=0 */;

--
-- Table structure for table `blocked_days`
--

DROP TABLE IF EXISTS `blocked_days`;
/*!40101 SET @saved_cs_client     = @@character_set_client */;
/*!50503 SET character_set_client = utf8mb4 */;
CREATE TABLE `blocked_days` (
  `id` bigint unsigned NOT NULL AUTO_INCREMENT,
  `from` date NOT NULL,
  `to` date NOT NULL,
  `name` varchar(255) COLLATE utf8mb4_unicode_ci NOT NULL,
  `created_at` timestamp NULL DEFAULT NULL,
  `updated_at` timestamp NULL DEFAULT NULL,
  PRIMARY KEY (`id`)
) ENGINE=InnoDB DEFAULT CHARSET=utf8mb4 COLLATE=utf8mb4_unicode_ci ROW_FORMAT=DYNAMIC;
/*!40101 SET character_set_client = @saved_cs_client */;

--
-- Dumping data for table `blocked_days`
--

LOCK TABLES `blocked_days` WRITE;
/*!40000 ALTER TABLE `blocked_days` DISABLE KEYS */;
/*!40000 ALTER TABLE `blocked_days` ENABLE KEYS */;
UNLOCK TABLES;

--
-- Table structure for table `departments`
--

DROP TABLE IF EXISTS `departments`;
/*!40101 SET @saved_cs_client     = @@character_set_client */;
/*!50503 SET character_set_client = utf8mb4 */;
CREATE TABLE `departments` (
  `id` bigint unsigned NOT NULL AUTO_INCREMENT,
  `name` varchar(255) COLLATE utf8mb4_unicode_ci NOT NULL,
  `created_at` timestamp NULL DEFAULT NULL,
  `updated_at` timestamp NULL DEFAULT NULL,
  `deleted_at` timestamp NULL DEFAULT NULL,
  `manager_id` bigint unsigned DEFAULT NULL,
  PRIMARY KEY (`id`),
  UNIQUE KEY `departments_name_unique` (`name`),
  KEY `departments_manager_id_foreign` (`manager_id`),
  CONSTRAINT `departments_manager_id_foreign` FOREIGN KEY (`manager_id`) REFERENCES `employees` (`id`) ON DELETE SET NULL ON UPDATE CASCADE
) ENGINE=InnoDB AUTO_INCREMENT=24 DEFAULT CHARSET=utf8mb4 COLLATE=utf8mb4_unicode_ci ROW_FORMAT=DYNAMIC;
/*!40101 SET character_set_client = @saved_cs_client */;

--
-- Dumping data for table `departments`
--

LOCK TABLES `departments` WRITE;
/*!40000 ALTER TABLE `departments` DISABLE KEYS */;
INSERT INTO `departments` VALUES (16,'Pôle Audiovisuel régional','2025-01-14 11:37:50','2025-01-16 05:44:53',NULL,8),(17,'COCAC / Directrice','2025-01-14 11:38:03','2025-02-11 14:58:43',NULL,24),(18,'Pôle Communication, stratégie et partenariats','2025-01-14 11:38:27','2025-01-16 05:48:09',NULL,22),(19,'Pôle scientifique et universitaire','2025-01-14 11:38:47','2025-01-14 13:03:54',NULL,11),(20,'Pôle linguistique et éducatif','2025-01-14 11:38:59','2025-01-16 05:48:30',NULL,15),(21,'Pôle culturel et artistique','2025-01-14 11:39:11','2025-01-16 05:49:08',NULL,18),(23,'Pôle SG','2025-01-16 05:52:51','2025-02-07 16:55:34',NULL,NULL);
/*!40000 ALTER TABLE `departments` ENABLE KEYS */;
UNLOCK TABLES;

--
-- Table structure for table `employees`
--

DROP TABLE IF EXISTS `employees`;
/*!40101 SET @saved_cs_client     = @@character_set_client */;
/*!50503 SET character_set_client = utf8mb4 */;
CREATE TABLE `employees` (
  `id` bigint unsigned NOT NULL AUTO_INCREMENT,
  `first_name` varchar(255) COLLATE utf8mb4_unicode_ci NOT NULL,
  `last_name` varchar(255) COLLATE utf8mb4_unicode_ci NOT NULL,
  `email` varchar(255) COLLATE utf8mb4_unicode_ci NOT NULL,
  `password` varchar(255) COLLATE utf8mb4_unicode_ci NOT NULL,
  `phone_number` varchar(255) COLLATE utf8mb4_unicode_ci DEFAULT NULL,
  `nb_of_days` double NOT NULL,
  `department_id` bigint unsigned DEFAULT NULL,
  `weekdays_off` varchar(255) COLLATE utf8mb4_unicode_ci DEFAULT '[6,7]',
  `profile_photo` varchar(255) COLLATE utf8mb4_unicode_ci DEFAULT NULL,
  `is_supervisor` tinyint(1) NOT NULL DEFAULT '0',
  `can_receive_emails` tinyint(1) DEFAULT '1',
  `can_submit_requests` tinyint(1) DEFAULT NULL,
  `created_at` timestamp NULL DEFAULT NULL,
  `updated_at` timestamp NULL DEFAULT NULL,
  `deleted_at` timestamp NULL DEFAULT NULL,
  `overtime_minutes` int DEFAULT '0',
  `bypass_officers` tinyint(1) NOT NULL DEFAULT '0',
  PRIMARY KEY (`id`),
  UNIQUE KEY `employees_email_unique` (`email`),
  UNIQUE KEY `employees_phone_number_unique` (`phone_number`),
  KEY `employees_department_id_foreign` (`department_id`),
  CONSTRAINT `employees_department_id_foreign` FOREIGN KEY (`department_id`) REFERENCES `departments` (`id`) ON DELETE SET NULL ON UPDATE CASCADE
) ENGINE=InnoDB AUTO_INCREMENT=26 DEFAULT CHARSET=utf8mb4 COLLATE=utf8mb4_unicode_ci ROW_FORMAT=DYNAMIC;
/*!40101 SET character_set_client = @saved_cs_client */;

--
-- Dumping data for table `employees`
--

LOCK TABLES `employees` WRITE;
/*!40000 ALTER TABLE `employees` DISABLE KEYS */;
INSERT INTO `employees` VALUES (1,'John','Doe','john.doe@example.com','$2y$10$VDyTsEvgiUwvNsfuBb8KgerNqxHr.AbjMPZDDWhA7dLzLfUwfMBPO',NULL,30,NULL,'[6,7]',NULL,1,1,0,'2025-01-12 19:56:09','2025-01-16 05:49:47','2025-01-16 05:49:47',0,0),(2,'Jane','Smith','jane.smith@example.com','$2y$10$bGKrgoa7PMuLrD5U190DKOb466kbBxSIS0rCO7jAnbDk/w0PyVp2a',NULL,30,NULL,'[6,7]',NULL,1,1,0,'2025-01-12 19:56:09','2025-01-16 05:38:34','2025-01-16 05:38:34',0,0),(3,'Alice','Johnson','alice.johnson@example.com','$2y$10$1pBA4Z4Ql6M0er24QDS0oemNWrgXyhZs372/4v0o6Ue8og7tK7pGG',NULL,30,NULL,'[6,7]',NULL,0,1,1,'2025-01-12 19:56:09','2025-01-16 05:38:53','2025-01-16 05:38:53',0,0),(4,'Bob','Brown','bob.brown@example.com','$2y$10$f9tLeQsSecywk5hem696SOfj.ZThZtYFU7A/4fMUyuB1B07CwSFmK',NULL,30,NULL,'[6,7]',NULL,0,1,1,'2025-01-12 19:56:09','2025-01-16 05:38:39','2025-01-16 05:38:39',0,0),(5,'Diana','Evans','diana.evans@example.com','$2y$10$iDDu39vkc.44dtnBo4wX0Oh4aFncf1eiXzUIIxffp6IKM7uXY5yqy',NULL,30,NULL,'[6,7]',NULL,0,1,1,'2025-01-12 19:56:09','2025-01-18 08:57:18','2025-01-18 08:57:18',0,0),(6,'Eve','White','eve.white@example.com','$2y$10$RPN9kRA9BrmvRWz51vC95.0wJN.fSKM5Kfm5e.UgjhsVRhw4bxDkq',NULL,30,NULL,'[6,7]',NULL,0,1,1,'2025-01-12 19:56:09','2025-01-16 05:38:29','2025-01-16 05:38:29',0,0),(7,'Frank','Green','frank.green@example.com','$2y$10$3YZ7jeilKJRBZWBitaHdcOld5if0uCcALRE36.b1w9BKzes4BYLjW',NULL,30,NULL,'[6,7]',NULL,1,1,0,'2025-01-12 19:56:09','2025-01-16 05:38:44','2025-01-16 05:38:44',0,0),(8,'Lucie','Guérin','l.guerin@ifsuede.com','$2y$10$zpmsK2BKm1K2IKXBER4m.eRhdRsjrYq321wIIS22ZBqNQLYoBV7Fi',NULL,31,16,'[6,7]',NULL,1,1,1,'2025-01-14 11:42:59','2025-02-01 10:00:50',NULL,0,1),(9,'Sophie','Maysonnave','sophie.maysonnave@diplomatie.gouv.fr','$2y$10$65WtojA0iMyvzhKAz9m04.0LPUnnOEneeM7kxt3Upc9xTcmpK9ZC2',NULL,30,17,'[6,7]',NULL,0,1,1,'2025-01-14 11:44:21','2025-12-01 14:28:47',NULL,0,1),(10,'Lingli','Wang','secretairegeneral@ifsuede.com','$2y$10$VNLR9q0wKZMZ0L4hywTPz.C4qBawyQuwt6UWU8DzqX2wyA0y8V1uq',NULL,31,23,'[6,7]',NULL,1,1,1,'2025-01-14 11:47:38','2025-12-01 09:16:55',NULL,0,1),(11,'Yan','Pautrat','yan.pautrat@diplomatie.gouv.fr','$2y$10$l2pu09ief6yqSEcWpVB3He3KT/Q/Yes2uXJoHkcnJYYf89dmrnUg2',NULL,26,19,'[6,7]',NULL,1,1,1,'2025-01-14 12:56:40','2025-02-14 09:00:29',NULL,0,1),(12,'Johanna','Beckvid','stockholm@campusfrance.org','$2y$10$CRtc.mSjqKgW4LGqzpFVhe843.ONbG73pnFmz8Ryg6iYjlzpLRFlK',NULL,11,19,'[6,7]',NULL,0,1,1,'2025-01-14 12:58:39','2025-09-23 08:56:11',NULL,255,0),(13,'Victor','Ducret','science@ifsuede.com','$2y$10$lsQ6QMwCcjQo2sf4kSU60OM/iaSogsPAkm9RAEP6o/N7N8/BovA3O',NULL,14,19,'[6,7]',NULL,0,1,1,'2025-01-14 12:59:42','2025-10-07 08:38:34',NULL,0,1),(14,'Stagiaire','Ssu','ssu@ifsuede.com','$2y$10$PL/3vLEJcYE5bwD9BF9NNeIcjo0v4MrKM.2y5eSHB4puaK7hk4UiO',NULL,4,19,'[6,7]',NULL,0,1,1,'2025-01-14 13:01:04','2025-10-31 11:31:09',NULL,0,0),(15,'Guillaume','Raboutot','g.raboutot@ifsuede.com','$2y$10$dB5QSh8/2Nap48oJyWfWU.BGFc2SHsJ/3z7IAegLni.rpLDjhkxU6',NULL,31,20,'[6,7]',NULL,1,1,1,'2025-01-14 13:02:43','2025-03-24 13:35:16',NULL,0,1),(16,'Service','Civique','coop.francais@ifsuede.com','$2y$10$cyEjvXOy367vS.PwoMNWtePBuB5cdYO99A4dmvJsZqe5IqRHE/p5a',NULL,10,20,'[6,7]',NULL,0,1,1,'2025-01-14 13:06:01','2025-11-27 13:15:48',NULL,1081,0),(17,'Stagiaire','Francais','francais@ifsuede.com','$2y$10$xAXb2mGofeKjuw3OnZbuKe8sFHcAjPhMXbkIM4EolXdp5Q8uy5Dxi',NULL,1,20,'[6,7]',NULL,0,1,1,'2025-01-14 13:07:08','2025-12-01 15:36:24',NULL,1763,0),(18,'Anne-Dominique','Chouteau','ad.chouteau@ifsuede.com','$2y$10$/6K6JCykxxI/61183T./LOWNupOL84KQtiCPhbo8pxbs6UYnVG/Gq',NULL,13,21,'[6,7]',NULL,1,1,1,'2025-01-16 05:36:48','2025-11-27 13:15:33',NULL,6980,0),(19,'Stagiaire2','Culture','culture@ifsuede.com','$2y$10$AsW5rjsX.I6nuYBr1AROEum2/bWYcYe0Toyd2kPPDJo8oq/Yyr1Ai',NULL,2,21,'[6,7]',NULL,0,1,1,'2025-01-16 05:40:24','2025-12-01 09:16:27',NULL,0,0),(20,'Maria','Hustad','m.hustad@ifsuede.com','$2y$10$gNu66XUrwR3PpS9OmEgQU.3lkwcga8beub2j/J/RfF.gsSnwbhuRi',NULL,5.5,21,'[6,7]',NULL,0,1,1,'2025-01-16 05:41:44','2025-11-12 08:44:27',NULL,1485,0),(21,'Yola','Dumont','y.dumont@ifsuede.com','$2y$10$qoO0y1O.Zre8NGDHLQtfuu84UUcsP6Yw./NsdH2sLf2sfOlxbPvCy',NULL,13.5,21,'[6,7]',NULL,1,1,1,'2025-01-16 05:43:09','2025-11-12 08:44:07',NULL,4373,0),(22,'Lucie','Lecocq','communication@ifsuede.com','$2y$10$VTIwdH8.W7iXxL./iVDyWOsG4pE4gjTVf7JEJ4bKLE35Oy3sCDdTK',NULL,17,18,'[5,6,7]',NULL,1,1,1,'2025-01-16 05:47:48','2025-10-23 12:29:05',NULL,285,0),(23,'Stagiaire1','Culture','Stagiaireculture@ifsuede.com','$2y$10$XtSBtRhWdxsUtawfFx22UeWZKJq0gmLQRA/M5dDh2FFqLRbzvKnN.',NULL,8,21,'[6,7]',NULL,0,1,1,'2025-01-18 23:01:52','2025-08-28 13:28:08',NULL,0,0),(24,'Fanny','Conte','f.conte@ifsuede.com','$2y$10$.S4QkIODq1kOZfZpMq.5IO9Gdpev4AV3RRtu04ckUIa.9sdj3MduC',NULL,1,17,'[6,7]',NULL,1,1,1,'2025-02-03 12:47:37','2025-11-27 13:15:38',NULL,398,0),(25,'Marianne','Lafond','mlafond@lfsl.net','$2y$10$RyhfVeLwikJfNHT1HHZwveHGJWAUUyWaETmeI0sFlUAQEFc4LOAy6','+33604501468',14,20,'[6,7]',NULL,0,1,1,'2025-10-30 14:33:13','2025-11-25 14:42:16',NULL,0,0);
/*!40000 ALTER TABLE `employees` ENABLE KEYS */;
UNLOCK TABLES;

--
-- Table structure for table `failed_jobs`
--

DROP TABLE IF EXISTS `failed_jobs`;
/*!40101 SET @saved_cs_client     = @@character_set_client */;
/*!50503 SET character_set_client = utf8mb4 */;
CREATE TABLE `failed_jobs` (
  `id` bigint unsigned NOT NULL AUTO_INCREMENT,
  `uuid` varchar(255) COLLATE utf8mb4_unicode_ci NOT NULL,
  `connection` text COLLATE utf8mb4_unicode_ci NOT NULL,
  `queue` text COLLATE utf8mb4_unicode_ci NOT NULL,
  `payload` longtext COLLATE utf8mb4_unicode_ci NOT NULL,
  `exception` longtext COLLATE utf8mb4_unicode_ci NOT NULL,
  `failed_at` timestamp NOT NULL DEFAULT CURRENT_TIMESTAMP,
  PRIMARY KEY (`id`),
  UNIQUE KEY `failed_jobs_uuid_unique` (`uuid`)
) ENGINE=InnoDB DEFAULT CHARSET=utf8mb4 COLLATE=utf8mb4_unicode_ci ROW_FORMAT=DYNAMIC;
/*!40101 SET character_set_client = @saved_cs_client */;

--
-- Dumping data for table `failed_jobs`
--

LOCK TABLES `failed_jobs` WRITE;
/*!40000 ALTER TABLE `failed_jobs` DISABLE KEYS */;
/*!40000 ALTER TABLE `failed_jobs` ENABLE KEYS */;
UNLOCK TABLES;

--
-- Table structure for table `holidays`
--

DROP TABLE IF EXISTS `holidays`;
/*!40101 SET @saved_cs_client     = @@character_set_client */;
/*!50503 SET character_set_client = utf8mb4 */;
CREATE TABLE `holidays` (
  `id` bigint unsigned NOT NULL AUTO_INCREMENT,
  `from` date NOT NULL,
  `to` date NOT NULL,
  `name` varchar(255) COLLATE utf8mb4_unicode_ci NOT NULL,
  `created_at` timestamp NULL DEFAULT NULL,
  `updated_at` timestamp NULL DEFAULT NULL,
  PRIMARY KEY (`id`)
) ENGINE=InnoDB AUTO_INCREMENT=14 DEFAULT CHARSET=utf8mb4 COLLATE=utf8mb4_unicode_ci ROW_FORMAT=DYNAMIC;
/*!40101 SET character_set_client = @saved_cs_client */;

--
-- Dumping data for table `holidays`
--

LOCK TABLES `holidays` WRITE;
/*!40000 ALTER TABLE `holidays` DISABLE KEYS */;
INSERT INTO `holidays` VALUES (1,'2025-01-01','2025-01-01','Jour de l\'an','2025-01-14 11:05:54','2025-01-14 11:05:54'),(2,'2025-01-06','2025-01-06','Epiphanie','2025-01-14 11:06:22','2025-01-14 11:06:22'),(3,'2025-04-18','2025-04-18','Vendredi Saint','2025-01-14 11:06:43','2025-01-14 11:06:43'),(4,'2025-04-21','2025-04-21','Lundi de Pâques','2025-01-14 11:07:07','2025-01-14 11:28:34'),(5,'2025-05-01','2025-05-01','Fête du travail','2025-01-14 11:07:41','2025-01-14 11:07:41'),(7,'2025-06-06','2025-06-06','Fête national suédoise','2025-01-14 11:09:59','2025-01-14 11:09:59'),(8,'2025-06-20','2025-06-20','Veille de Midsomar','2025-01-14 11:13:46','2025-01-14 11:13:46'),(9,'2025-12-24','2025-12-24','Veille de Noël','2025-01-14 11:20:25','2025-01-14 11:27:41'),(10,'2025-12-25','2025-12-25','Jour de Noël','2025-01-14 11:21:53','2025-01-14 11:21:53'),(11,'2025-12-26','2025-12-26','Lendemain de Noël','2025-01-14 11:22:57','2025-01-14 11:23:44'),(12,'2025-12-31','2025-12-31','Veille du Nouvel An','2025-01-14 11:25:13','2025-01-14 11:25:13'),(13,'2025-05-29','2025-05-29','Ascension','2025-02-03 08:44:42','2025-02-03 08:44:42');
/*!40000 ALTER TABLE `holidays` ENABLE KEYS */;
UNLOCK TABLES;

--
-- Table structure for table `jobs`
--

DROP TABLE IF EXISTS `jobs`;
/*!40101 SET @saved_cs_client     = @@character_set_client */;
/*!50503 SET character_set_client = utf8mb4 */;
CREATE TABLE `jobs` (
  `id` bigint unsigned NOT NULL AUTO_INCREMENT,
  `queue` varchar(255) COLLATE utf8mb4_unicode_ci NOT NULL,
  `payload` longtext COLLATE utf8mb4_unicode_ci NOT NULL,
  `attempts` tinyint unsigned NOT NULL,
  `reserved_at` int unsigned DEFAULT NULL,
  `available_at` int unsigned NOT NULL,
  `created_at` int unsigned NOT NULL,
  PRIMARY KEY (`id`),
  KEY `jobs_queue_index` (`queue`)
) ENGINE=InnoDB DEFAULT CHARSET=utf8mb4 COLLATE=utf8mb4_unicode_ci ROW_FORMAT=DYNAMIC;
/*!40101 SET character_set_client = @saved_cs_client */;

--
-- Dumping data for table `jobs`
--

LOCK TABLES `jobs` WRITE;
/*!40000 ALTER TABLE `jobs` DISABLE KEYS */;
/*!40000 ALTER TABLE `jobs` ENABLE KEYS */;
UNLOCK TABLES;

--
-- Table structure for table `leave_durations`
--

DROP TABLE IF EXISTS `leave_durations`;
/*!40101 SET @saved_cs_client     = @@character_set_client */;
/*!50503 SET character_set_client = utf8mb4 */;
CREATE TABLE `leave_durations` (
  `id` bigint unsigned NOT NULL AUTO_INCREMENT,
  `name` varchar(255) COLLATE utf8mb4_unicode_ci NOT NULL,
  `created_at` timestamp NULL DEFAULT NULL,
  `updated_at` timestamp NULL DEFAULT NULL,
  PRIMARY KEY (`id`)
) ENGINE=InnoDB AUTO_INCREMENT=4 DEFAULT CHARSET=utf8mb4 COLLATE=utf8mb4_unicode_ci ROW_FORMAT=DYNAMIC;
/*!40101 SET character_set_client = @saved_cs_client */;

--
-- Dumping data for table `leave_durations`
--

LOCK TABLES `leave_durations` WRITE;
/*!40000 ALTER TABLE `leave_durations` DISABLE KEYS */;
INSERT INTO `leave_durations` VALUES (1,'Half Day AM','2025-01-12 19:56:09','2025-01-12 19:56:09'),(2,'Half Day PM','2025-01-12 19:56:09','2025-01-12 19:56:09'),(3,'One or More Full Days','2025-01-12 19:56:09','2025-01-12 19:56:09');
/*!40000 ALTER TABLE `leave_durations` ENABLE KEYS */;
UNLOCK TABLES;

--
-- Table structure for table `leave_types`
--

DROP TABLE IF EXISTS `leave_types`;
/*!40101 SET @saved_cs_client     = @@character_set_client */;
/*!50503 SET character_set_client = utf8mb4 */;
CREATE TABLE `leave_types` (
  `id` bigint unsigned NOT NULL AUTO_INCREMENT,
  `name` varchar(255) COLLATE utf8mb4_unicode_ci NOT NULL,
  `abbreviation` varchar(255) COLLATE utf8mb4_unicode_ci DEFAULT NULL,
  `description` varchar(255) COLLATE utf8mb4_unicode_ci DEFAULT NULL,
  `created_at` timestamp NULL DEFAULT NULL,
  `updated_at` timestamp NULL DEFAULT NULL,
  PRIMARY KEY (`id`)
) ENGINE=InnoDB AUTO_INCREMENT=11 DEFAULT CHARSET=utf8mb4 COLLATE=utf8mb4_unicode_ci ROW_FORMAT=DYNAMIC;
/*!40101 SET character_set_client = @saved_cs_client */;

--
-- Dumping data for table `leave_types`
--

LOCK TABLES `leave_types` WRITE;
/*!40000 ALTER TABLE `leave_types` DISABLE KEYS */;
INSERT INTO `leave_types` VALUES (1,'annual leave','CA',NULL,'2025-01-12 19:56:09','2025-01-12 19:56:09'),(2,'recovery','R',NULL,'2025-01-12 19:56:09','2025-01-12 19:56:09'),(3,'assignment','M',NULL,'2025-01-12 19:56:09','2025-01-12 19:56:09'),(4,'training','F',NULL,'2025-01-12 19:56:09','2025-01-12 19:56:09'),(5,'sick leave','AM',NULL,'2025-01-12 19:56:09','2025-01-12 19:56:09'),(6,'bereavement leave','CD',NULL,'2025-01-12 19:56:09','2025-01-12 19:56:09'),(7,'maternity leave','CM',NULL,'2025-01-12 19:56:09','2025-01-12 19:56:09'),(8,'paternity leave','CP',NULL,'2025-01-12 19:56:09','2025-01-12 19:56:09'),(9,'marriage leave','MAR',NULL,'2025-01-12 19:56:09','2025-01-12 19:56:09'),(10,'remote work','TT',NULL,'2025-01-12 19:56:09','2025-01-12 19:56:09');
/*!40000 ALTER TABLE `leave_types` ENABLE KEYS */;
UNLOCK TABLES;

--
-- Table structure for table `leaves`
--

DROP TABLE IF EXISTS `leaves`;
/*!40101 SET @saved_cs_client     = @@character_set_client */;
/*!50503 SET character_set_client = utf8mb4 */;
CREATE TABLE `leaves` (
  `id` bigint unsigned NOT NULL AUTO_INCREMENT,
  `employee_id` bigint unsigned NOT NULL,
  `leave_duration_id` bigint unsigned NOT NULL,
  `from` date NOT NULL,
  `to` date NOT NULL,
  `leave_type_id` bigint unsigned NOT NULL,
  `travelling` tinyint(1) NOT NULL DEFAULT '0',
  `attachment_path` varchar(255) COLLATE utf8mb4_unicode_ci DEFAULT NULL,
  `date_of_submission` date NOT NULL DEFAULT '2025-01-12',
  `substitute_employee_id` bigint unsigned DEFAULT NULL,
  `disabled_dates` text COLLATE utf8mb4_unicode_ci,
  `leave_status` int NOT NULL DEFAULT '0',
  `processing_officer_role` bigint unsigned DEFAULT NULL,
  `rejected_by` bigint unsigned DEFAULT NULL,
  `cancellation_reason` varchar(255) COLLATE utf8mb4_unicode_ci DEFAULT NULL,
  `created_at` timestamp NULL DEFAULT NULL,
  `updated_at` timestamp NULL DEFAULT NULL,
  PRIMARY KEY (`id`),
  KEY `leaves_employee_id_foreign` (`employee_id`),
  KEY `leaves_leave_type_id_foreign` (`leave_type_id`),
  KEY `leaves_processing_officer_role_foreign` (`processing_officer_role`),
  KEY `leaves_substitute_employee_id_foreign` (`substitute_employee_id`),
  KEY `leaves_leave_duration_id_foreign` (`leave_duration_id`),
  KEY `leaves_rejected_by_foreign` (`rejected_by`),
  CONSTRAINT `leaves_employee_id_foreign` FOREIGN KEY (`employee_id`) REFERENCES `employees` (`id`) ON DELETE CASCADE ON UPDATE CASCADE,
  CONSTRAINT `leaves_leave_duration_id_foreign` FOREIGN KEY (`leave_duration_id`) REFERENCES `leave_durations` (`id`) ON DELETE CASCADE ON UPDATE CASCADE,
  CONSTRAINT `leaves_leave_type_id_foreign` FOREIGN KEY (`leave_type_id`) REFERENCES `leave_types` (`id`) ON DELETE CASCADE ON UPDATE CASCADE,
  CONSTRAINT `leaves_processing_officer_role_foreign` FOREIGN KEY (`processing_officer_role`) REFERENCES `roles` (`id`) ON DELETE CASCADE ON UPDATE CASCADE,
  CONSTRAINT `leaves_rejected_by_foreign` FOREIGN KEY (`rejected_by`) REFERENCES `employees` (`id`) ON DELETE SET NULL ON UPDATE CASCADE,
  CONSTRAINT `leaves_substitute_employee_id_foreign` FOREIGN KEY (`substitute_employee_id`) REFERENCES `employees` (`id`) ON DELETE SET NULL ON UPDATE CASCADE
) ENGINE=InnoDB AUTO_INCREMENT=161 DEFAULT CHARSET=utf8mb4 COLLATE=utf8mb4_unicode_ci ROW_FORMAT=DYNAMIC;
/*!40101 SET character_set_client = @saved_cs_client */;

--
-- Dumping data for table `leaves`
--

LOCK TABLES `leaves` WRITE;
/*!40000 ALTER TABLE `leaves` DISABLE KEYS */;
INSERT INTO `leaves` VALUES (1,14,3,'2025-02-17','2025-02-18',1,0,NULL,'2025-01-27',NULL,'a:0:{}',1,3,NULL,NULL,'2025-01-27 14:38:26','2025-02-03 12:52:56'),(4,20,3,'2025-02-27','2025-02-28',1,0,NULL,'2025-01-28',NULL,'a:0:{}',1,3,NULL,NULL,'2025-01-28 07:11:13','2025-02-03 12:50:16'),(5,21,3,'2025-02-21','2025-02-21',2,0,NULL,'2025-01-29',NULL,'a:0:{}',1,3,NULL,NULL,'2025-01-29 08:38:08','2025-02-03 12:52:48'),(6,23,3,'2025-02-24','2025-02-28',1,0,NULL,'2025-01-29',NULL,'a:0:{}',1,3,NULL,NULL,'2025-01-29 08:55:00','2025-02-03 12:53:03'),(7,13,3,'2025-02-24','2025-02-28',1,0,NULL,'2025-01-29',NULL,'a:0:{}',1,3,NULL,NULL,'2025-01-29 11:36:34','2025-02-03 12:50:45'),(9,22,3,'2025-02-17','2025-02-20',1,0,NULL,'2025-01-29',NULL,'a:0:{}',1,3,NULL,NULL,'2025-01-29 13:23:04','2025-02-03 12:50:52'),(10,21,3,'2025-02-06','2025-02-07',2,0,NULL,'2025-01-29',NULL,'a:1:{i:0;s:10:\"2025-02-21\";}',1,3,NULL,NULL,'2025-01-29 15:39:18','2025-02-03 12:50:32'),(11,11,3,'2025-02-24','2025-02-28',1,0,NULL,'2025-01-30',NULL,'a:0:{}',1,3,NULL,NULL,'2025-01-30 11:01:12','2025-02-03 12:53:13'),(12,10,3,'2025-02-14','2025-02-28',1,0,NULL,'2025-02-03',NULL,'a:0:{}',1,3,NULL,NULL,'2025-02-03 08:40:55','2025-02-03 08:40:55'),(13,19,3,'2025-03-07','2025-03-07',1,1,NULL,'2025-02-03',NULL,'a:0:{}',1,3,NULL,NULL,'2025-02-03 15:16:45','2025-02-11 16:04:48'),(14,19,3,'2025-03-13','2025-03-14',1,1,NULL,'2025-02-03',NULL,'a:1:{i:0;s:10:\"2025-03-07\";}',1,3,NULL,NULL,'2025-02-03 15:17:52','2025-02-11 16:04:52'),(15,19,3,'2025-03-17','2025-03-17',1,0,NULL,'2025-02-03',NULL,'a:3:{i:0;s:10:\"2025-03-07\";i:1;s:10:\"2025-03-13\";i:2;s:10:\"2025-03-14\";}',1,3,NULL,NULL,'2025-02-03 15:18:34','2025-02-11 16:04:55'),(16,20,3,'2025-04-16','2025-04-22',1,0,NULL,'2025-02-05',NULL,'a:2:{i:0;s:10:\"2025-02-27\";i:1;s:10:\"2025-02-28\";}',1,3,NULL,NULL,'2025-02-05 15:48:56','2025-03-07 15:45:33'),(17,20,3,'2025-03-06','2025-03-06',1,0,NULL,'2025-02-07',NULL,'a:9:{i:0;s:10:\"2025-02-27\";i:1;s:10:\"2025-02-28\";i:2;s:10:\"2025-04-16\";i:3;s:10:\"2025-04-17\";i:4;s:10:\"2025-04-18\";i:5;s:10:\"2025-04-19\";i:6;s:10:\"2025-04-20\";i:7;s:10:\"2025-04-21\";i:8;s:10:\"2025-04-22\";}',1,3,NULL,NULL,'2025-02-07 13:10:46','2025-02-11 16:05:00'),(19,19,3,'2025-04-30','2025-04-30',1,0,NULL,'2025-02-11',NULL,'a:4:{i:0;s:10:\"2025-03-07\";i:1;s:10:\"2025-03-13\";i:2;s:10:\"2025-03-14\";i:3;s:10:\"2025-03-17\";}',1,3,NULL,NULL,'2025-02-11 10:37:18','2025-03-07 15:45:41'),(20,19,3,'2025-05-30','2025-05-30',1,0,NULL,'2025-02-11',NULL,'a:5:{i:0;s:10:\"2025-03-07\";i:1;s:10:\"2025-03-13\";i:2;s:10:\"2025-03-14\";i:3;s:10:\"2025-03-17\";i:4;s:10:\"2025-04-30\";}',1,3,NULL,NULL,'2025-02-11 10:37:41','2025-04-09 13:02:58'),(21,19,3,'2025-05-02','2025-05-02',1,0,NULL,'2025-02-11',NULL,'a:6:{i:0;s:10:\"2025-03-07\";i:1;s:10:\"2025-03-13\";i:2;s:10:\"2025-03-14\";i:3;s:10:\"2025-03-17\";i:4;s:10:\"2025-04-30\";i:5;s:10:\"2025-05-30\";}',1,3,NULL,NULL,'2025-02-11 14:48:28','2025-03-07 15:45:46'),(22,21,3,'2025-05-02','2025-05-05',2,1,NULL,'2025-02-24',NULL,'a:3:{i:0;s:10:\"2025-02-21\";i:1;s:10:\"2025-02-06\";i:2;s:10:\"2025-02-07\";}',1,3,NULL,NULL,'2025-02-24 08:44:01','2025-04-09 13:03:02'),(24,12,3,'2025-04-15','2025-04-22',1,1,NULL,'2025-02-28',NULL,'a:0:{}',1,3,NULL,NULL,'2025-02-28 09:49:36','2025-03-07 15:45:51'),(25,12,3,'2025-03-14','2025-03-14',1,1,NULL,'2025-03-03',NULL,'a:8:{i:0;s:10:\"2025-04-15\";i:1;s:10:\"2025-04-16\";i:2;s:10:\"2025-04-17\";i:3;s:10:\"2025-04-18\";i:4;s:10:\"2025-04-19\";i:5;s:10:\"2025-04-20\";i:6;s:10:\"2025-04-21\";i:7;s:10:\"2025-04-22\";}',1,3,NULL,NULL,'2025-03-03 08:50:32','2025-03-07 15:45:55'),(26,24,3,'2025-04-17','2025-04-22',1,0,NULL,'2025-03-04',NULL,'a:0:{}',1,3,NULL,NULL,'2025-03-04 15:02:11','2025-05-14 07:53:52'),(27,24,3,'2025-05-05','2025-05-09',1,0,NULL,'2025-03-04',NULL,'a:6:{i:0;s:10:\"2025-04-17\";i:1;s:10:\"2025-04-18\";i:2;s:10:\"2025-04-19\";i:3;s:10:\"2025-04-20\";i:4;s:10:\"2025-04-21\";i:5;s:10:\"2025-04-22\";}',1,3,NULL,NULL,'2025-03-04 15:02:44','2025-05-14 07:53:58'),(31,23,3,'2025-04-15','2025-04-17',1,0,NULL,'2025-03-06',NULL,'a:5:{i:0;s:10:\"2025-02-24\";i:1;s:10:\"2025-02-25\";i:2;s:10:\"2025-02-26\";i:3;s:10:\"2025-02-27\";i:4;s:10:\"2025-02-28\";}',1,3,NULL,NULL,'2025-03-06 13:39:03','2025-04-09 13:03:13'),(32,13,3,'2025-05-02','2025-05-09',1,0,NULL,'2025-03-17',NULL,'a:5:{i:0;s:10:\"2025-02-24\";i:1;s:10:\"2025-02-25\";i:2;s:10:\"2025-02-26\";i:3;s:10:\"2025-02-27\";i:4;s:10:\"2025-02-28\";}',1,3,NULL,NULL,'2025-03-17 16:03:43','2025-03-17 16:03:43'),(33,13,3,'2025-05-30','2025-05-30',1,0,NULL,'2025-03-17',NULL,'a:13:{i:0;s:10:\"2025-02-24\";i:1;s:10:\"2025-02-25\";i:2;s:10:\"2025-02-26\";i:3;s:10:\"2025-02-27\";i:4;s:10:\"2025-02-28\";i:5;s:10:\"2025-05-02\";i:6;s:10:\"2025-05-03\";i:7;s:10:\"2025-05-04\";i:8;s:10:\"2025-05-05\";i:9;s:10:\"2025-05-06\";i:10;s:10:\"2025-05-07\";i:11;s:10:\"2025-05-08\";i:12;s:10:\"2025-05-09\";}',1,3,NULL,NULL,'2025-03-17 16:04:12','2025-03-17 16:04:12'),(34,22,3,'2025-04-28','2025-04-30',1,0,NULL,'2025-03-25',NULL,'a:4:{i:0;s:10:\"2025-02-17\";i:1;s:10:\"2025-02-18\";i:2;s:10:\"2025-02-19\";i:3;s:10:\"2025-02-20\";}',1,3,NULL,NULL,'2025-03-25 09:18:04','2025-04-09 13:03:20'),(36,21,3,'2025-05-26','2025-05-30',2,1,NULL,'2025-03-26',NULL,'a:7:{i:0;s:10:\"2025-02-21\";i:1;s:10:\"2025-02-06\";i:2;s:10:\"2025-02-07\";i:3;s:10:\"2025-05-02\";i:4;s:10:\"2025-05-03\";i:5;s:10:\"2025-05-04\";i:6;s:10:\"2025-05-05\";}',1,3,NULL,NULL,'2025-03-26 13:06:00','2025-04-09 13:03:50'),(37,17,3,'2025-05-19','2025-05-21',1,0,NULL,'2025-03-31',NULL,'a:0:{}',1,3,NULL,NULL,'2025-03-31 09:47:56','2025-04-09 13:03:25'),(38,19,1,'2025-04-10','2025-04-10',1,0,NULL,'2025-04-04',NULL,'a:7:{i:0;s:10:\"2025-03-07\";i:1;s:10:\"2025-03-13\";i:2;s:10:\"2025-03-14\";i:3;s:10:\"2025-03-17\";i:4;s:10:\"2025-04-30\";i:5;s:10:\"2025-05-30\";i:6;s:10:\"2025-05-02\";}',1,3,NULL,NULL,'2025-04-04 15:00:53','2025-04-09 13:02:51'),(39,17,3,'2025-06-09','2025-06-13',1,1,NULL,'2025-04-07',NULL,'a:3:{i:0;s:10:\"2025-05-19\";i:1;s:10:\"2025-05-20\";i:2;s:10:\"2025-05-21\";}',1,3,NULL,NULL,'2025-04-07 07:11:45','2025-04-09 13:03:46'),(41,17,3,'2025-06-16','2025-06-18',1,1,NULL,'2025-04-07',NULL,'a:8:{i:0;s:10:\"2025-05-19\";i:1;s:10:\"2025-05-20\";i:2;s:10:\"2025-05-21\";i:3;s:10:\"2025-06-09\";i:4;s:10:\"2025-06-10\";i:5;s:10:\"2025-06-11\";i:6;s:10:\"2025-06-12\";i:7;s:10:\"2025-06-13\";}',1,3,NULL,NULL,'2025-04-07 07:13:08','2025-04-09 13:03:43'),(42,20,3,'2025-06-30','2025-07-04',1,0,NULL,'2025-04-07',NULL,'a:10:{i:0;s:10:\"2025-02-27\";i:1;s:10:\"2025-02-28\";i:2;s:10:\"2025-04-16\";i:3;s:10:\"2025-04-17\";i:4;s:10:\"2025-04-18\";i:5;s:10:\"2025-04-19\";i:6;s:10:\"2025-04-20\";i:7;s:10:\"2025-04-21\";i:8;s:10:\"2025-04-22\";i:9;s:10:\"2025-03-06\";}',1,3,NULL,NULL,'2025-04-07 12:18:23','2025-04-09 13:03:38'),(43,16,3,'2025-05-22','2025-05-30',1,0,NULL,'2025-04-08',NULL,'a:0:{}',1,3,NULL,NULL,'2025-04-08 10:02:05','2025-04-09 13:03:30'),(44,14,3,'2025-04-10','2025-04-11',1,0,NULL,'2025-04-08',NULL,'a:2:{i:0;s:10:\"2025-02-17\";i:1;s:10:\"2025-02-18\";}',1,3,NULL,NULL,'2025-04-08 10:25:56','2025-05-14 07:54:06'),(45,16,3,'2025-04-30','2025-04-30',1,0,NULL,'2025-04-22',NULL,'a:9:{i:0;s:10:\"2025-05-22\";i:1;s:10:\"2025-05-23\";i:2;s:10:\"2025-05-24\";i:3;s:10:\"2025-05-25\";i:4;s:10:\"2025-05-26\";i:5;s:10:\"2025-05-27\";i:6;s:10:\"2025-05-28\";i:7;s:10:\"2025-05-29\";i:8;s:10:\"2025-05-30\";}',1,3,NULL,NULL,'2025-04-22 13:12:35','2025-05-14 07:54:10'),(47,21,3,'2025-05-23','2025-05-23',2,1,NULL,'2025-04-28',NULL,'a:12:{i:0;s:10:\"2025-02-21\";i:1;s:10:\"2025-02-06\";i:2;s:10:\"2025-02-07\";i:3;s:10:\"2025-05-02\";i:4;s:10:\"2025-05-03\";i:5;s:10:\"2025-05-04\";i:6;s:10:\"2025-05-05\";i:7;s:10:\"2025-05-26\";i:8;s:10:\"2025-05-27\";i:9;s:10:\"2025-05-28\";i:10;s:10:\"2025-05-29\";i:11;s:10:\"2025-05-30\";}',1,3,NULL,NULL,'2025-04-28 11:05:33','2025-05-28 08:49:18'),(48,14,3,'2025-04-30','2025-04-30',1,0,NULL,'2025-04-28',NULL,'a:4:{i:0;s:10:\"2025-02-17\";i:1;s:10:\"2025-02-18\";i:2;s:10:\"2025-04-10\";i:3;s:10:\"2025-04-11\";}',1,3,NULL,NULL,'2025-04-28 12:20:15','2025-05-20 13:23:57'),(49,14,3,'2025-05-02','2025-05-02',1,0,NULL,'2025-04-28',NULL,'a:5:{i:0;s:10:\"2025-02-17\";i:1;s:10:\"2025-02-18\";i:2;s:10:\"2025-04-10\";i:3;s:10:\"2025-04-11\";i:4;s:10:\"2025-04-30\";}',1,3,NULL,NULL,'2025-04-28 12:20:41','2025-05-20 13:24:00'),(50,17,3,'2025-05-30','2025-05-30',1,0,NULL,'2025-05-02',NULL,'a:11:{i:0;s:10:\"2025-05-19\";i:1;s:10:\"2025-05-20\";i:2;s:10:\"2025-05-21\";i:3;s:10:\"2025-06-09\";i:4;s:10:\"2025-06-10\";i:5;s:10:\"2025-06-11\";i:6;s:10:\"2025-06-12\";i:7;s:10:\"2025-06-13\";i:8;s:10:\"2025-06-16\";i:9;s:10:\"2025-06-17\";i:10;s:10:\"2025-06-18\";}',1,3,NULL,NULL,'2025-05-02 09:15:54','2025-05-14 07:54:14'),(51,16,2,'2025-05-07','2025-05-07',2,0,NULL,'2025-05-05',NULL,'a:10:{i:0;s:10:\"2025-05-22\";i:1;s:10:\"2025-05-23\";i:2;s:10:\"2025-05-24\";i:3;s:10:\"2025-05-25\";i:4;s:10:\"2025-05-26\";i:5;s:10:\"2025-05-27\";i:6;s:10:\"2025-05-28\";i:7;s:10:\"2025-05-29\";i:8;s:10:\"2025-05-30\";i:9;s:10:\"2025-04-30\";}',1,3,NULL,NULL,'2025-05-05 07:53:02','2025-05-14 07:54:18'),(53,18,3,'2025-05-06','2025-05-06',2,1,NULL,'2025-05-06',NULL,'a:10:{i:0;s:10:\"2025-02-17\";i:1;s:10:\"2025-02-18\";i:2;s:10:\"2025-02-19\";i:3;s:10:\"2025-02-20\";i:4;s:10:\"2025-02-21\";i:5;s:10:\"2025-02-22\";i:6;s:10:\"2025-02-23\";i:7;s:10:\"2025-02-24\";i:8;s:10:\"2025-02-25\";i:9;s:10:\"2025-02-26\";}',1,3,NULL,NULL,'2025-05-06 07:14:00','2025-05-28 08:49:27'),(54,18,3,'2025-02-17','2025-02-26',2,0,NULL,'2025-05-06',NULL,'a:1:{i:0;s:10:\"2025-05-06\";}',1,3,NULL,NULL,'2025-05-06 07:14:46','2025-05-28 08:49:23'),(55,18,1,'2025-05-08','2025-05-08',2,0,NULL,'2025-05-06',NULL,'a:11:{i:0;s:10:\"2025-05-06\";i:1;s:10:\"2025-02-17\";i:2;s:10:\"2025-02-18\";i:3;s:10:\"2025-02-19\";i:4;s:10:\"2025-02-20\";i:5;s:10:\"2025-02-21\";i:6;s:10:\"2025-02-22\";i:7;s:10:\"2025-02-23\";i:8;s:10:\"2025-02-24\";i:9;s:10:\"2025-02-25\";i:10;s:10:\"2025-02-26\";}',1,3,NULL,NULL,'2025-05-06 07:15:17','2025-05-28 08:49:30'),(56,12,3,'2025-05-30','2025-05-30',1,0,NULL,'2025-05-08',NULL,'a:9:{i:0;s:10:\"2025-04-15\";i:1;s:10:\"2025-04-16\";i:2;s:10:\"2025-04-17\";i:3;s:10:\"2025-04-18\";i:4;s:10:\"2025-04-19\";i:5;s:10:\"2025-04-20\";i:6;s:10:\"2025-04-21\";i:7;s:10:\"2025-04-22\";i:8;s:10:\"2025-03-14\";}',1,3,NULL,NULL,'2025-05-08 07:20:16','2025-05-20 13:24:03'),(57,14,3,'2025-05-15','2025-05-15',1,0,NULL,'2025-05-12',NULL,'a:6:{i:0;s:10:\"2025-02-17\";i:1;s:10:\"2025-02-18\";i:2;s:10:\"2025-04-10\";i:3;s:10:\"2025-04-11\";i:4;s:10:\"2025-04-30\";i:5;s:10:\"2025-05-02\";}',1,3,NULL,NULL,'2025-05-12 12:52:30','2025-05-20 13:24:05'),(58,19,3,'2025-05-23','2025-05-23',1,0,NULL,'2025-05-14',NULL,'a:8:{i:0;s:10:\"2025-03-07\";i:1;s:10:\"2025-03-13\";i:2;s:10:\"2025-03-14\";i:3;s:10:\"2025-03-17\";i:4;s:10:\"2025-04-30\";i:5;s:10:\"2025-05-30\";i:6;s:10:\"2025-05-02\";i:7;s:10:\"2025-04-10\";}',1,3,NULL,NULL,'2025-05-14 07:26:20','2025-05-14 07:54:26'),(59,19,3,'2025-06-16','2025-06-18',1,0,NULL,'2025-05-14',NULL,'a:9:{i:0;s:10:\"2025-03-07\";i:1;s:10:\"2025-03-13\";i:2;s:10:\"2025-03-14\";i:3;s:10:\"2025-03-17\";i:4;s:10:\"2025-04-30\";i:5;s:10:\"2025-05-30\";i:6;s:10:\"2025-05-02\";i:7;s:10:\"2025-04-10\";i:8;s:10:\"2025-05-23\";}',1,3,NULL,NULL,'2025-05-14 07:27:44','2025-05-14 07:54:30'),(64,19,3,'2025-06-11','2025-06-13',2,0,NULL,'2025-05-19',NULL,'a:12:{i:0;s:10:\"2025-03-07\";i:1;s:10:\"2025-03-13\";i:2;s:10:\"2025-03-14\";i:3;s:10:\"2025-03-17\";i:4;s:10:\"2025-04-30\";i:5;s:10:\"2025-05-30\";i:6;s:10:\"2025-05-02\";i:7;s:10:\"2025-04-10\";i:8;s:10:\"2025-05-23\";i:9;s:10:\"2025-06-16\";i:10;s:10:\"2025-06-17\";i:11;s:10:\"2025-06-18\";}',1,3,NULL,NULL,'2025-05-19 12:53:20','2025-05-26 12:49:47'),(65,14,3,'2025-05-28','2025-05-28',1,0,NULL,'2025-05-20',NULL,'a:7:{i:0;s:10:\"2025-02-17\";i:1;s:10:\"2025-02-18\";i:2;s:10:\"2025-04-10\";i:3;s:10:\"2025-04-11\";i:4;s:10:\"2025-04-30\";i:5;s:10:\"2025-05-02\";i:6;s:10:\"2025-05-15\";}',1,3,NULL,NULL,'2025-05-20 09:51:46','2025-05-20 13:24:08'),(66,14,3,'2025-05-30','2025-05-30',1,0,NULL,'2025-05-23',NULL,'a:8:{i:0;s:10:\"2025-02-17\";i:1;s:10:\"2025-02-18\";i:2;s:10:\"2025-04-10\";i:3;s:10:\"2025-04-11\";i:4;s:10:\"2025-04-30\";i:5;s:10:\"2025-05-02\";i:6;s:10:\"2025-05-15\";i:7;s:10:\"2025-05-28\";}',1,3,NULL,NULL,'2025-05-23 10:18:20','2025-06-24 08:15:15'),(67,13,3,'2025-05-28','2025-05-28',1,0,NULL,'2025-05-23',NULL,'a:14:{i:0;s:10:\"2025-02-24\";i:1;s:10:\"2025-02-25\";i:2;s:10:\"2025-02-26\";i:3;s:10:\"2025-02-27\";i:4;s:10:\"2025-02-28\";i:5;s:10:\"2025-05-02\";i:6;s:10:\"2025-05-03\";i:7;s:10:\"2025-05-04\";i:8;s:10:\"2025-05-05\";i:9;s:10:\"2025-05-06\";i:10;s:10:\"2025-05-07\";i:11;s:10:\"2025-05-08\";i:12;s:10:\"2025-05-09\";i:13;s:10:\"2025-05-30\";}',1,3,NULL,NULL,'2025-05-23 10:24:04','2025-05-23 10:24:04'),(68,20,3,'2025-05-30','2025-05-30',1,0,NULL,'2025-05-26',NULL,'a:15:{i:0;s:10:\"2025-02-27\";i:1;s:10:\"2025-02-28\";i:2;s:10:\"2025-04-16\";i:3;s:10:\"2025-04-17\";i:4;s:10:\"2025-04-18\";i:5;s:10:\"2025-04-19\";i:6;s:10:\"2025-04-20\";i:7;s:10:\"2025-04-21\";i:8;s:10:\"2025-04-22\";i:9;s:10:\"2025-03-06\";i:10;s:10:\"2025-06-30\";i:11;s:10:\"2025-07-01\";i:12;s:10:\"2025-07-02\";i:13;s:10:\"2025-07-03\";i:14;s:10:\"2025-07-04\";}',1,3,NULL,NULL,'2025-05-26 08:37:23','2025-05-26 12:49:50'),(69,18,3,'2025-05-30','2025-05-30',2,0,NULL,'2025-05-26',NULL,'a:12:{i:0;s:10:\"2025-05-06\";i:1;s:10:\"2025-02-17\";i:2;s:10:\"2025-02-18\";i:3;s:10:\"2025-02-19\";i:4;s:10:\"2025-02-20\";i:5;s:10:\"2025-02-21\";i:6;s:10:\"2025-02-22\";i:7;s:10:\"2025-02-23\";i:8;s:10:\"2025-02-24\";i:9;s:10:\"2025-02-25\";i:10;s:10:\"2025-02-26\";i:11;s:10:\"2025-05-08\";}',1,3,NULL,NULL,'2025-05-26 12:26:10','2025-05-28 08:49:33'),(70,24,3,'2025-05-30','2025-05-30',1,0,NULL,'2025-05-27',NULL,'a:11:{i:0;s:10:\"2025-04-17\";i:1;s:10:\"2025-04-18\";i:2;s:10:\"2025-04-19\";i:3;s:10:\"2025-04-20\";i:4;s:10:\"2025-04-21\";i:5;s:10:\"2025-04-22\";i:6;s:10:\"2025-05-05\";i:7;s:10:\"2025-05-06\";i:8;s:10:\"2025-05-07\";i:9;s:10:\"2025-05-08\";i:10;s:10:\"2025-05-09\";}',1,3,NULL,NULL,'2025-05-27 12:31:42','2025-06-02 09:55:44'),(71,24,3,'2025-07-07','2025-07-18',1,0,NULL,'2025-05-27',NULL,'a:12:{i:0;s:10:\"2025-04-17\";i:1;s:10:\"2025-04-18\";i:2;s:10:\"2025-04-19\";i:3;s:10:\"2025-04-20\";i:4;s:10:\"2025-04-21\";i:5;s:10:\"2025-04-22\";i:6;s:10:\"2025-05-05\";i:7;s:10:\"2025-05-06\";i:8;s:10:\"2025-05-07\";i:9;s:10:\"2025-05-08\";i:10;s:10:\"2025-05-09\";i:11;s:10:\"2025-05-30\";}',1,3,NULL,NULL,'2025-05-27 12:32:13','2025-06-04 09:10:09'),(72,20,3,'2025-05-28','2025-05-28',2,0,NULL,'2025-05-27',NULL,'a:16:{i:0;s:10:\"2025-02-27\";i:1;s:10:\"2025-02-28\";i:2;s:10:\"2025-04-16\";i:3;s:10:\"2025-04-17\";i:4;s:10:\"2025-04-18\";i:5;s:10:\"2025-04-19\";i:6;s:10:\"2025-04-20\";i:7;s:10:\"2025-04-21\";i:8;s:10:\"2025-04-22\";i:9;s:10:\"2025-03-06\";i:10;s:10:\"2025-06-30\";i:11;s:10:\"2025-07-01\";i:12;s:10:\"2025-07-02\";i:13;s:10:\"2025-07-03\";i:14;s:10:\"2025-07-04\";i:15;s:10:\"2025-05-30\";}',1,3,NULL,NULL,'2025-05-27 13:19:44','2025-05-28 08:49:36'),(74,14,3,'2025-06-12','2025-06-13',1,0,NULL,'2025-06-03',NULL,'a:9:{i:0;s:10:\"2025-02-17\";i:1;s:10:\"2025-02-18\";i:2;s:10:\"2025-04-10\";i:3;s:10:\"2025-04-11\";i:4;s:10:\"2025-04-30\";i:5;s:10:\"2025-05-02\";i:6;s:10:\"2025-05-15\";i:7;s:10:\"2025-05-28\";i:8;s:10:\"2025-05-30\";}',1,3,NULL,NULL,'2025-06-03 10:11:52','2025-06-24 08:15:18'),(75,16,3,'2025-06-12','2025-06-17',1,0,NULL,'2025-06-03',NULL,'a:11:{i:0;s:10:\"2025-05-22\";i:1;s:10:\"2025-05-23\";i:2;s:10:\"2025-05-24\";i:3;s:10:\"2025-05-25\";i:4;s:10:\"2025-05-26\";i:5;s:10:\"2025-05-27\";i:6;s:10:\"2025-05-28\";i:7;s:10:\"2025-05-29\";i:8;s:10:\"2025-05-30\";i:9;s:10:\"2025-04-30\";i:10;s:10:\"2025-05-07\";}',1,3,NULL,NULL,'2025-06-03 14:01:31','2025-06-04 09:10:12'),(76,13,3,'2025-06-23','2025-06-27',1,0,NULL,'2025-06-04',NULL,'a:15:{i:0;s:10:\"2025-02-24\";i:1;s:10:\"2025-02-25\";i:2;s:10:\"2025-02-26\";i:3;s:10:\"2025-02-27\";i:4;s:10:\"2025-02-28\";i:5;s:10:\"2025-05-02\";i:6;s:10:\"2025-05-03\";i:7;s:10:\"2025-05-04\";i:8;s:10:\"2025-05-05\";i:9;s:10:\"2025-05-06\";i:10;s:10:\"2025-05-07\";i:11;s:10:\"2025-05-08\";i:12;s:10:\"2025-05-09\";i:13;s:10:\"2025-05-30\";i:14;s:10:\"2025-05-28\";}',1,3,NULL,NULL,'2025-06-04 12:46:24','2025-06-04 12:46:24'),(77,18,3,'2025-06-18','2025-06-18',1,0,NULL,'2025-06-09',NULL,'a:13:{i:0;s:10:\"2025-05-06\";i:1;s:10:\"2025-02-17\";i:2;s:10:\"2025-02-18\";i:3;s:10:\"2025-02-19\";i:4;s:10:\"2025-02-20\";i:5;s:10:\"2025-02-21\";i:6;s:10:\"2025-02-22\";i:7;s:10:\"2025-02-23\";i:8;s:10:\"2025-02-24\";i:9;s:10:\"2025-02-25\";i:10;s:10:\"2025-02-26\";i:11;s:10:\"2025-05-08\";i:12;s:10:\"2025-05-30\";}',1,3,NULL,NULL,'2025-06-09 08:58:48','2025-06-12 10:30:42'),(78,22,3,'2025-06-12','2025-06-12',2,0,NULL,'2025-06-09',NULL,'a:7:{i:0;s:10:\"2025-02-17\";i:1;s:10:\"2025-02-18\";i:2;s:10:\"2025-02-19\";i:3;s:10:\"2025-02-20\";i:4;s:10:\"2025-04-28\";i:5;s:10:\"2025-04-29\";i:6;s:10:\"2025-04-30\";}',1,3,NULL,NULL,'2025-06-09 09:44:44','2025-06-12 10:30:45'),(79,18,3,'2025-06-30','2025-07-07',1,1,NULL,'2025-06-09',NULL,'a:14:{i:0;s:10:\"2025-05-06\";i:1;s:10:\"2025-02-17\";i:2;s:10:\"2025-02-18\";i:3;s:10:\"2025-02-19\";i:4;s:10:\"2025-02-20\";i:5;s:10:\"2025-02-21\";i:6;s:10:\"2025-02-22\";i:7;s:10:\"2025-02-23\";i:8;s:10:\"2025-02-24\";i:9;s:10:\"2025-02-25\";i:10;s:10:\"2025-02-26\";i:11;s:10:\"2025-05-08\";i:12;s:10:\"2025-05-30\";i:13;s:10:\"2025-06-18\";}',1,3,NULL,NULL,'2025-06-09 09:50:51','2025-06-12 10:30:50'),(80,18,3,'2025-07-09','2025-07-16',1,0,NULL,'2025-06-09',NULL,'a:22:{i:0;s:10:\"2025-05-06\";i:1;s:10:\"2025-02-17\";i:2;s:10:\"2025-02-18\";i:3;s:10:\"2025-02-19\";i:4;s:10:\"2025-02-20\";i:5;s:10:\"2025-02-21\";i:6;s:10:\"2025-02-22\";i:7;s:10:\"2025-02-23\";i:8;s:10:\"2025-02-24\";i:9;s:10:\"2025-02-25\";i:10;s:10:\"2025-02-26\";i:11;s:10:\"2025-05-08\";i:12;s:10:\"2025-05-30\";i:13;s:10:\"2025-06-18\";i:14;s:10:\"2025-06-30\";i:15;s:10:\"2025-07-01\";i:16;s:10:\"2025-07-02\";i:17;s:10:\"2025-07-03\";i:18;s:10:\"2025-07-04\";i:19;s:10:\"2025-07-05\";i:20;s:10:\"2025-07-06\";i:21;s:10:\"2025-07-07\";}',1,3,NULL,NULL,'2025-06-09 09:51:13','2025-06-12 10:30:54'),(81,20,3,'2025-06-13','2025-06-13',1,0,NULL,'2025-06-09',NULL,'a:17:{i:0;s:10:\"2025-02-27\";i:1;s:10:\"2025-02-28\";i:2;s:10:\"2025-04-16\";i:3;s:10:\"2025-04-17\";i:4;s:10:\"2025-04-18\";i:5;s:10:\"2025-04-19\";i:6;s:10:\"2025-04-20\";i:7;s:10:\"2025-04-21\";i:8;s:10:\"2025-04-22\";i:9;s:10:\"2025-03-06\";i:10;s:10:\"2025-06-30\";i:11;s:10:\"2025-07-01\";i:12;s:10:\"2025-07-02\";i:13;s:10:\"2025-07-03\";i:14;s:10:\"2025-07-04\";i:15;s:10:\"2025-05-30\";i:16;s:10:\"2025-05-28\";}',1,3,NULL,NULL,'2025-06-09 10:19:16','2025-06-11 10:00:18'),(82,20,3,'2025-06-25','2025-06-27',1,0,NULL,'2025-06-09',NULL,'a:18:{i:0;s:10:\"2025-02-27\";i:1;s:10:\"2025-02-28\";i:2;s:10:\"2025-04-16\";i:3;s:10:\"2025-04-17\";i:4;s:10:\"2025-04-18\";i:5;s:10:\"2025-04-19\";i:6;s:10:\"2025-04-20\";i:7;s:10:\"2025-04-21\";i:8;s:10:\"2025-04-22\";i:9;s:10:\"2025-03-06\";i:10;s:10:\"2025-06-30\";i:11;s:10:\"2025-07-01\";i:12;s:10:\"2025-07-02\";i:13;s:10:\"2025-07-03\";i:14;s:10:\"2025-07-04\";i:15;s:10:\"2025-05-30\";i:16;s:10:\"2025-05-28\";i:17;s:10:\"2025-06-13\";}',1,3,NULL,NULL,'2025-06-09 10:33:34','2025-06-11 10:00:23'),(83,20,3,'2025-07-07','2025-07-15',2,0,NULL,'2025-06-09',NULL,'a:21:{i:0;s:10:\"2025-02-27\";i:1;s:10:\"2025-02-28\";i:2;s:10:\"2025-04-16\";i:3;s:10:\"2025-04-17\";i:4;s:10:\"2025-04-18\";i:5;s:10:\"2025-04-19\";i:6;s:10:\"2025-04-20\";i:7;s:10:\"2025-04-21\";i:8;s:10:\"2025-04-22\";i:9;s:10:\"2025-03-06\";i:10;s:10:\"2025-06-30\";i:11;s:10:\"2025-07-01\";i:12;s:10:\"2025-07-02\";i:13;s:10:\"2025-07-03\";i:14;s:10:\"2025-07-04\";i:15;s:10:\"2025-05-30\";i:16;s:10:\"2025-05-28\";i:17;s:10:\"2025-06-13\";i:18;s:10:\"2025-06-25\";i:19;s:10:\"2025-06-26\";i:20;s:10:\"2025-06-27\";}',1,3,NULL,NULL,'2025-06-09 10:35:19','2025-06-11 10:00:21'),(84,12,2,'2025-06-12','2025-06-12',2,0,NULL,'2025-06-10',NULL,'a:10:{i:0;s:10:\"2025-04-15\";i:1;s:10:\"2025-04-16\";i:2;s:10:\"2025-04-17\";i:3;s:10:\"2025-04-18\";i:4;s:10:\"2025-04-19\";i:5;s:10:\"2025-04-20\";i:6;s:10:\"2025-04-21\";i:7;s:10:\"2025-04-22\";i:8;s:10:\"2025-03-14\";i:9;s:10:\"2025-05-30\";}',1,3,NULL,NULL,'2025-06-10 09:24:04','2025-06-24 08:15:20'),(85,20,3,'2025-07-16','2025-07-23',1,0,NULL,'2025-06-11',NULL,'a:30:{i:0;s:10:\"2025-02-27\";i:1;s:10:\"2025-02-28\";i:2;s:10:\"2025-04-16\";i:3;s:10:\"2025-04-17\";i:4;s:10:\"2025-04-18\";i:5;s:10:\"2025-04-19\";i:6;s:10:\"2025-04-20\";i:7;s:10:\"2025-04-21\";i:8;s:10:\"2025-04-22\";i:9;s:10:\"2025-03-06\";i:10;s:10:\"2025-06-30\";i:11;s:10:\"2025-07-01\";i:12;s:10:\"2025-07-02\";i:13;s:10:\"2025-07-03\";i:14;s:10:\"2025-07-04\";i:15;s:10:\"2025-05-30\";i:16;s:10:\"2025-05-28\";i:17;s:10:\"2025-06-13\";i:18;s:10:\"2025-06-25\";i:19;s:10:\"2025-06-26\";i:20;s:10:\"2025-06-27\";i:21;s:10:\"2025-07-07\";i:22;s:10:\"2025-07-08\";i:23;s:10:\"2025-07-09\";i:24;s:10:\"2025-07-10\";i:25;s:10:\"2025-07-11\";i:26;s:10:\"2025-07-12\";i:27;s:10:\"2025-07-13\";i:28;s:10:\"2025-07-14\";i:29;s:10:\"2025-07-15\";}',1,3,NULL,NULL,'2025-06-11 10:10:23','2025-06-12 10:30:57'),(86,14,3,'2025-06-17','2025-06-17',1,0,NULL,'2025-06-16',NULL,'a:11:{i:0;s:10:\"2025-02-17\";i:1;s:10:\"2025-02-18\";i:2;s:10:\"2025-04-10\";i:3;s:10:\"2025-04-11\";i:4;s:10:\"2025-04-30\";i:5;s:10:\"2025-05-02\";i:6;s:10:\"2025-05-15\";i:7;s:10:\"2025-05-28\";i:8;s:10:\"2025-05-30\";i:9;s:10:\"2025-06-12\";i:10;s:10:\"2025-06-13\";}',1,3,NULL,NULL,'2025-06-16 15:25:43','2025-06-24 08:15:22'),(88,21,3,'2025-06-26','2025-06-26',2,0,NULL,'2025-06-23',NULL,'a:13:{i:0;s:10:\"2025-02-21\";i:1;s:10:\"2025-02-06\";i:2;s:10:\"2025-02-07\";i:3;s:10:\"2025-05-02\";i:4;s:10:\"2025-05-03\";i:5;s:10:\"2025-05-04\";i:6;s:10:\"2025-05-05\";i:7;s:10:\"2025-05-26\";i:8;s:10:\"2025-05-27\";i:9;s:10:\"2025-05-28\";i:10;s:10:\"2025-05-29\";i:11;s:10:\"2025-05-30\";i:12;s:10:\"2025-05-23\";}',1,3,NULL,NULL,'2025-06-23 12:19:13','2025-06-30 08:29:50'),(89,21,3,'2025-07-21','2025-08-05',1,1,NULL,'2025-06-23',NULL,'a:14:{i:0;s:10:\"2025-02-21\";i:1;s:10:\"2025-02-06\";i:2;s:10:\"2025-02-07\";i:3;s:10:\"2025-05-02\";i:4;s:10:\"2025-05-03\";i:5;s:10:\"2025-05-04\";i:6;s:10:\"2025-05-05\";i:7;s:10:\"2025-05-26\";i:8;s:10:\"2025-05-27\";i:9;s:10:\"2025-05-28\";i:10;s:10:\"2025-05-29\";i:11;s:10:\"2025-05-30\";i:12;s:10:\"2025-05-23\";i:13;s:10:\"2025-06-26\";}',1,3,NULL,NULL,'2025-06-23 12:20:02','2025-06-30 08:29:53'),(90,22,3,'2025-07-07','2025-07-24',1,1,NULL,'2025-06-24',NULL,'a:8:{i:0;s:10:\"2025-02-17\";i:1;s:10:\"2025-02-18\";i:2;s:10:\"2025-02-19\";i:3;s:10:\"2025-02-20\";i:4;s:10:\"2025-04-28\";i:5;s:10:\"2025-04-29\";i:6;s:10:\"2025-04-30\";i:7;s:10:\"2025-06-12\";}',1,3,NULL,NULL,'2025-06-24 09:54:00','2025-06-30 08:29:55'),(91,12,3,'2025-07-31','2025-08-05',2,0,NULL,'2025-06-30',NULL,'a:11:{i:0;s:10:\"2025-04-15\";i:1;s:10:\"2025-04-16\";i:2;s:10:\"2025-04-17\";i:3;s:10:\"2025-04-18\";i:4;s:10:\"2025-04-19\";i:5;s:10:\"2025-04-20\";i:6;s:10:\"2025-04-21\";i:7;s:10:\"2025-04-22\";i:8;s:10:\"2025-03-14\";i:9;s:10:\"2025-05-30\";i:10;s:10:\"2025-06-12\";}',1,3,NULL,NULL,'2025-06-30 08:58:27','2025-07-18 08:26:26'),(92,12,3,'2025-08-06','2025-08-22',1,0,NULL,'2025-06-30',NULL,'a:17:{i:0;s:10:\"2025-04-15\";i:1;s:10:\"2025-04-16\";i:2;s:10:\"2025-04-17\";i:3;s:10:\"2025-04-18\";i:4;s:10:\"2025-04-19\";i:5;s:10:\"2025-04-20\";i:6;s:10:\"2025-04-21\";i:7;s:10:\"2025-04-22\";i:8;s:10:\"2025-03-14\";i:9;s:10:\"2025-05-30\";i:10;s:10:\"2025-06-12\";i:11;s:10:\"2025-07-31\";i:12;s:10:\"2025-08-01\";i:13;s:10:\"2025-08-02\";i:14;s:10:\"2025-08-03\";i:15;s:10:\"2025-08-04\";i:16;s:10:\"2025-08-05\";}',1,3,NULL,NULL,'2025-06-30 08:59:24','2025-07-18 08:26:28'),(93,12,3,'2025-07-11','2025-07-11',1,0,NULL,'2025-07-08',NULL,'a:34:{i:0;s:10:\"2025-04-15\";i:1;s:10:\"2025-04-16\";i:2;s:10:\"2025-04-17\";i:3;s:10:\"2025-04-18\";i:4;s:10:\"2025-04-19\";i:5;s:10:\"2025-04-20\";i:6;s:10:\"2025-04-21\";i:7;s:10:\"2025-04-22\";i:8;s:10:\"2025-03-14\";i:9;s:10:\"2025-05-30\";i:10;s:10:\"2025-06-12\";i:11;s:10:\"2025-07-31\";i:12;s:10:\"2025-08-01\";i:13;s:10:\"2025-08-02\";i:14;s:10:\"2025-08-03\";i:15;s:10:\"2025-08-04\";i:16;s:10:\"2025-08-05\";i:17;s:10:\"2025-08-06\";i:18;s:10:\"2025-08-07\";i:19;s:10:\"2025-08-08\";i:20;s:10:\"2025-08-09\";i:21;s:10:\"2025-08-10\";i:22;s:10:\"2025-08-11\";i:23;s:10:\"2025-08-12\";i:24;s:10:\"2025-08-13\";i:25;s:10:\"2025-08-14\";i:26;s:10:\"2025-08-15\";i:27;s:10:\"2025-08-16\";i:28;s:10:\"2025-08-17\";i:29;s:10:\"2025-08-18\";i:30;s:10:\"2025-08-19\";i:31;s:10:\"2025-08-20\";i:32;s:10:\"2025-08-21\";i:33;s:10:\"2025-08-22\";}',1,3,NULL,NULL,'2025-07-08 08:50:21','2025-07-18 08:26:31'),(94,12,3,'2025-07-18','2025-07-18',1,0,NULL,'2025-07-10',NULL,'a:35:{i:0;s:10:\"2025-04-15\";i:1;s:10:\"2025-04-16\";i:2;s:10:\"2025-04-17\";i:3;s:10:\"2025-04-18\";i:4;s:10:\"2025-04-19\";i:5;s:10:\"2025-04-20\";i:6;s:10:\"2025-04-21\";i:7;s:10:\"2025-04-22\";i:8;s:10:\"2025-03-14\";i:9;s:10:\"2025-05-30\";i:10;s:10:\"2025-06-12\";i:11;s:10:\"2025-07-31\";i:12;s:10:\"2025-08-01\";i:13;s:10:\"2025-08-02\";i:14;s:10:\"2025-08-03\";i:15;s:10:\"2025-08-04\";i:16;s:10:\"2025-08-05\";i:17;s:10:\"2025-08-06\";i:18;s:10:\"2025-08-07\";i:19;s:10:\"2025-08-08\";i:20;s:10:\"2025-08-09\";i:21;s:10:\"2025-08-10\";i:22;s:10:\"2025-08-11\";i:23;s:10:\"2025-08-12\";i:24;s:10:\"2025-08-13\";i:25;s:10:\"2025-08-14\";i:26;s:10:\"2025-08-15\";i:27;s:10:\"2025-08-16\";i:28;s:10:\"2025-08-17\";i:29;s:10:\"2025-08-18\";i:30;s:10:\"2025-08-19\";i:31;s:10:\"2025-08-20\";i:32;s:10:\"2025-08-21\";i:33;s:10:\"2025-08-22\";i:34;s:10:\"2025-07-11\";}',1,3,NULL,NULL,'2025-07-10 15:30:49','2025-07-18 08:26:34'),(95,12,3,'2025-07-30','2025-07-30',1,0,NULL,'2025-07-10',NULL,'a:36:{i:0;s:10:\"2025-04-15\";i:1;s:10:\"2025-04-16\";i:2;s:10:\"2025-04-17\";i:3;s:10:\"2025-04-18\";i:4;s:10:\"2025-04-19\";i:5;s:10:\"2025-04-20\";i:6;s:10:\"2025-04-21\";i:7;s:10:\"2025-04-22\";i:8;s:10:\"2025-03-14\";i:9;s:10:\"2025-05-30\";i:10;s:10:\"2025-06-12\";i:11;s:10:\"2025-07-31\";i:12;s:10:\"2025-08-01\";i:13;s:10:\"2025-08-02\";i:14;s:10:\"2025-08-03\";i:15;s:10:\"2025-08-04\";i:16;s:10:\"2025-08-05\";i:17;s:10:\"2025-08-06\";i:18;s:10:\"2025-08-07\";i:19;s:10:\"2025-08-08\";i:20;s:10:\"2025-08-09\";i:21;s:10:\"2025-08-10\";i:22;s:10:\"2025-08-11\";i:23;s:10:\"2025-08-12\";i:24;s:10:\"2025-08-13\";i:25;s:10:\"2025-08-14\";i:26;s:10:\"2025-08-15\";i:27;s:10:\"2025-08-16\";i:28;s:10:\"2025-08-17\";i:29;s:10:\"2025-08-18\";i:30;s:10:\"2025-08-19\";i:31;s:10:\"2025-08-20\";i:32;s:10:\"2025-08-21\";i:33;s:10:\"2025-08-22\";i:34;s:10:\"2025-07-11\";i:35;s:10:\"2025-07-18\";}',1,3,NULL,NULL,'2025-07-10 15:31:47','2025-07-18 08:26:37'),(96,21,3,'2025-08-27','2025-08-27',1,0,NULL,'2025-07-17',NULL,'a:30:{i:0;s:10:\"2025-02-21\";i:1;s:10:\"2025-02-06\";i:2;s:10:\"2025-02-07\";i:3;s:10:\"2025-05-02\";i:4;s:10:\"2025-05-03\";i:5;s:10:\"2025-05-04\";i:6;s:10:\"2025-05-05\";i:7;s:10:\"2025-05-26\";i:8;s:10:\"2025-05-27\";i:9;s:10:\"2025-05-28\";i:10;s:10:\"2025-05-29\";i:11;s:10:\"2025-05-30\";i:12;s:10:\"2025-05-23\";i:13;s:10:\"2025-06-26\";i:14;s:10:\"2025-07-21\";i:15;s:10:\"2025-07-22\";i:16;s:10:\"2025-07-23\";i:17;s:10:\"2025-07-24\";i:18;s:10:\"2025-07-25\";i:19;s:10:\"2025-07-26\";i:20;s:10:\"2025-07-27\";i:21;s:10:\"2025-07-28\";i:22;s:10:\"2025-07-29\";i:23;s:10:\"2025-07-30\";i:24;s:10:\"2025-07-31\";i:25;s:10:\"2025-08-01\";i:26;s:10:\"2025-08-02\";i:27;s:10:\"2025-08-03\";i:28;s:10:\"2025-08-04\";i:29;s:10:\"2025-08-05\";}',1,3,NULL,NULL,'2025-07-17 07:42:32','2025-07-18 08:27:32'),(97,24,3,'2025-07-28','2025-07-29',2,0,NULL,'2025-07-22',NULL,'a:24:{i:0;s:10:\"2025-04-17\";i:1;s:10:\"2025-04-18\";i:2;s:10:\"2025-04-19\";i:3;s:10:\"2025-04-20\";i:4;s:10:\"2025-04-21\";i:5;s:10:\"2025-04-22\";i:6;s:10:\"2025-05-05\";i:7;s:10:\"2025-05-06\";i:8;s:10:\"2025-05-07\";i:9;s:10:\"2025-05-08\";i:10;s:10:\"2025-05-09\";i:11;s:10:\"2025-05-30\";i:12;s:10:\"2025-07-07\";i:13;s:10:\"2025-07-08\";i:14;s:10:\"2025-07-09\";i:15;s:10:\"2025-07-10\";i:16;s:10:\"2025-07-11\";i:17;s:10:\"2025-07-12\";i:18;s:10:\"2025-07-13\";i:19;s:10:\"2025-07-14\";i:20;s:10:\"2025-07-15\";i:21;s:10:\"2025-07-16\";i:22;s:10:\"2025-07-17\";i:23;s:10:\"2025-07-18\";}',1,3,NULL,NULL,'2025-07-22 08:02:03','2025-07-31 12:45:12'),(98,24,3,'2025-08-15','2025-08-18',2,0,NULL,'2025-07-22',NULL,'a:26:{i:0;s:10:\"2025-04-17\";i:1;s:10:\"2025-04-18\";i:2;s:10:\"2025-04-19\";i:3;s:10:\"2025-04-20\";i:4;s:10:\"2025-04-21\";i:5;s:10:\"2025-04-22\";i:6;s:10:\"2025-05-05\";i:7;s:10:\"2025-05-06\";i:8;s:10:\"2025-05-07\";i:9;s:10:\"2025-05-08\";i:10;s:10:\"2025-05-09\";i:11;s:10:\"2025-05-30\";i:12;s:10:\"2025-07-07\";i:13;s:10:\"2025-07-08\";i:14;s:10:\"2025-07-09\";i:15;s:10:\"2025-07-10\";i:16;s:10:\"2025-07-11\";i:17;s:10:\"2025-07-12\";i:18;s:10:\"2025-07-13\";i:19;s:10:\"2025-07-14\";i:20;s:10:\"2025-07-15\";i:21;s:10:\"2025-07-16\";i:22;s:10:\"2025-07-17\";i:23;s:10:\"2025-07-18\";i:24;s:10:\"2025-07-28\";i:25;s:10:\"2025-07-29\";}',1,3,NULL,NULL,'2025-07-22 08:29:51','2025-07-31 12:45:16'),(99,18,3,'2025-08-01','2025-08-01',1,0,NULL,'2025-07-31',NULL,'a:30:{i:0;s:10:\"2025-05-06\";i:1;s:10:\"2025-02-17\";i:2;s:10:\"2025-02-18\";i:3;s:10:\"2025-02-19\";i:4;s:10:\"2025-02-20\";i:5;s:10:\"2025-02-21\";i:6;s:10:\"2025-02-22\";i:7;s:10:\"2025-02-23\";i:8;s:10:\"2025-02-24\";i:9;s:10:\"2025-02-25\";i:10;s:10:\"2025-02-26\";i:11;s:10:\"2025-05-08\";i:12;s:10:\"2025-05-30\";i:13;s:10:\"2025-06-18\";i:14;s:10:\"2025-06-30\";i:15;s:10:\"2025-07-01\";i:16;s:10:\"2025-07-02\";i:17;s:10:\"2025-07-03\";i:18;s:10:\"2025-07-04\";i:19;s:10:\"2025-07-05\";i:20;s:10:\"2025-07-06\";i:21;s:10:\"2025-07-07\";i:22;s:10:\"2025-07-09\";i:23;s:10:\"2025-07-10\";i:24;s:10:\"2025-07-11\";i:25;s:10:\"2025-07-12\";i:26;s:10:\"2025-07-13\";i:27;s:10:\"2025-07-14\";i:28;s:10:\"2025-07-15\";i:29;s:10:\"2025-07-16\";}',1,3,NULL,NULL,'2025-07-31 10:59:19','2025-07-31 12:45:20'),(100,18,3,'2025-08-07','2025-08-08',7,0,NULL,'2025-07-31',NULL,'a:31:{i:0;s:10:\"2025-05-06\";i:1;s:10:\"2025-02-17\";i:2;s:10:\"2025-02-18\";i:3;s:10:\"2025-02-19\";i:4;s:10:\"2025-02-20\";i:5;s:10:\"2025-02-21\";i:6;s:10:\"2025-02-22\";i:7;s:10:\"2025-02-23\";i:8;s:10:\"2025-02-24\";i:9;s:10:\"2025-02-25\";i:10;s:10:\"2025-02-26\";i:11;s:10:\"2025-05-08\";i:12;s:10:\"2025-05-30\";i:13;s:10:\"2025-06-18\";i:14;s:10:\"2025-06-30\";i:15;s:10:\"2025-07-01\";i:16;s:10:\"2025-07-02\";i:17;s:10:\"2025-07-03\";i:18;s:10:\"2025-07-04\";i:19;s:10:\"2025-07-05\";i:20;s:10:\"2025-07-06\";i:21;s:10:\"2025-07-07\";i:22;s:10:\"2025-07-09\";i:23;s:10:\"2025-07-10\";i:24;s:10:\"2025-07-11\";i:25;s:10:\"2025-07-12\";i:26;s:10:\"2025-07-13\";i:27;s:10:\"2025-07-14\";i:28;s:10:\"2025-07-15\";i:29;s:10:\"2025-07-16\";i:30;s:10:\"2025-08-01\";}',1,3,NULL,NULL,'2025-07-31 11:04:25','2025-07-31 12:45:28'),(101,21,3,'2025-07-14','2025-07-16',2,0,NULL,'2025-08-06',NULL,'a:31:{i:0;s:10:\"2025-02-21\";i:1;s:10:\"2025-02-06\";i:2;s:10:\"2025-02-07\";i:3;s:10:\"2025-05-02\";i:4;s:10:\"2025-05-03\";i:5;s:10:\"2025-05-04\";i:6;s:10:\"2025-05-05\";i:7;s:10:\"2025-05-26\";i:8;s:10:\"2025-05-27\";i:9;s:10:\"2025-05-28\";i:10;s:10:\"2025-05-29\";i:11;s:10:\"2025-05-30\";i:12;s:10:\"2025-05-23\";i:13;s:10:\"2025-06-26\";i:14;s:10:\"2025-07-21\";i:15;s:10:\"2025-07-22\";i:16;s:10:\"2025-07-23\";i:17;s:10:\"2025-07-24\";i:18;s:10:\"2025-07-25\";i:19;s:10:\"2025-07-26\";i:20;s:10:\"2025-07-27\";i:21;s:10:\"2025-07-28\";i:22;s:10:\"2025-07-29\";i:23;s:10:\"2025-07-30\";i:24;s:10:\"2025-07-31\";i:25;s:10:\"2025-08-01\";i:26;s:10:\"2025-08-02\";i:27;s:10:\"2025-08-03\";i:28;s:10:\"2025-08-04\";i:29;s:10:\"2025-08-05\";i:30;s:10:\"2025-08-27\";}',1,3,NULL,NULL,'2025-08-06 08:36:43','2025-08-27 13:51:55'),(102,21,3,'2025-08-07','2025-08-11',2,0,NULL,'2025-08-06',NULL,'a:34:{i:0;s:10:\"2025-02-21\";i:1;s:10:\"2025-02-06\";i:2;s:10:\"2025-02-07\";i:3;s:10:\"2025-05-02\";i:4;s:10:\"2025-05-03\";i:5;s:10:\"2025-05-04\";i:6;s:10:\"2025-05-05\";i:7;s:10:\"2025-05-26\";i:8;s:10:\"2025-05-27\";i:9;s:10:\"2025-05-28\";i:10;s:10:\"2025-05-29\";i:11;s:10:\"2025-05-30\";i:12;s:10:\"2025-05-23\";i:13;s:10:\"2025-06-26\";i:14;s:10:\"2025-07-21\";i:15;s:10:\"2025-07-22\";i:16;s:10:\"2025-07-23\";i:17;s:10:\"2025-07-24\";i:18;s:10:\"2025-07-25\";i:19;s:10:\"2025-07-26\";i:20;s:10:\"2025-07-27\";i:21;s:10:\"2025-07-28\";i:22;s:10:\"2025-07-29\";i:23;s:10:\"2025-07-30\";i:24;s:10:\"2025-07-31\";i:25;s:10:\"2025-08-01\";i:26;s:10:\"2025-08-02\";i:27;s:10:\"2025-08-03\";i:28;s:10:\"2025-08-04\";i:29;s:10:\"2025-08-05\";i:30;s:10:\"2025-08-27\";i:31;s:10:\"2025-07-14\";i:32;s:10:\"2025-07-15\";i:33;s:10:\"2025-07-16\";}',1,3,NULL,NULL,'2025-08-06 08:37:08','2025-08-27 13:51:57'),(103,18,2,'2025-08-06','2025-08-06',7,0,NULL,'2025-08-06',NULL,'a:33:{i:0;s:10:\"2025-05-06\";i:1;s:10:\"2025-02-17\";i:2;s:10:\"2025-02-18\";i:3;s:10:\"2025-02-19\";i:4;s:10:\"2025-02-20\";i:5;s:10:\"2025-02-21\";i:6;s:10:\"2025-02-22\";i:7;s:10:\"2025-02-23\";i:8;s:10:\"2025-02-24\";i:9;s:10:\"2025-02-25\";i:10;s:10:\"2025-02-26\";i:11;s:10:\"2025-05-08\";i:12;s:10:\"2025-05-30\";i:13;s:10:\"2025-06-18\";i:14;s:10:\"2025-06-30\";i:15;s:10:\"2025-07-01\";i:16;s:10:\"2025-07-02\";i:17;s:10:\"2025-07-03\";i:18;s:10:\"2025-07-04\";i:19;s:10:\"2025-07-05\";i:20;s:10:\"2025-07-06\";i:21;s:10:\"2025-07-07\";i:22;s:10:\"2025-07-09\";i:23;s:10:\"2025-07-10\";i:24;s:10:\"2025-07-11\";i:25;s:10:\"2025-07-12\";i:26;s:10:\"2025-07-13\";i:27;s:10:\"2025-07-14\";i:28;s:10:\"2025-07-15\";i:29;s:10:\"2025-07-16\";i:30;s:10:\"2025-08-01\";i:31;s:10:\"2025-08-07\";i:32;s:10:\"2025-08-08\";}',1,3,NULL,NULL,'2025-08-06 10:28:27','2025-08-27 13:52:01'),(104,18,3,'2025-08-14','2025-08-14',7,0,NULL,'2025-08-13',NULL,'a:34:{i:0;s:10:\"2025-05-06\";i:1;s:10:\"2025-02-17\";i:2;s:10:\"2025-02-18\";i:3;s:10:\"2025-02-19\";i:4;s:10:\"2025-02-20\";i:5;s:10:\"2025-02-21\";i:6;s:10:\"2025-02-22\";i:7;s:10:\"2025-02-23\";i:8;s:10:\"2025-02-24\";i:9;s:10:\"2025-02-25\";i:10;s:10:\"2025-02-26\";i:11;s:10:\"2025-05-08\";i:12;s:10:\"2025-05-30\";i:13;s:10:\"2025-06-18\";i:14;s:10:\"2025-06-30\";i:15;s:10:\"2025-07-01\";i:16;s:10:\"2025-07-02\";i:17;s:10:\"2025-07-03\";i:18;s:10:\"2025-07-04\";i:19;s:10:\"2025-07-05\";i:20;s:10:\"2025-07-06\";i:21;s:10:\"2025-07-07\";i:22;s:10:\"2025-07-09\";i:23;s:10:\"2025-07-10\";i:24;s:10:\"2025-07-11\";i:25;s:10:\"2025-07-12\";i:26;s:10:\"2025-07-13\";i:27;s:10:\"2025-07-14\";i:28;s:10:\"2025-07-15\";i:29;s:10:\"2025-07-16\";i:30;s:10:\"2025-08-01\";i:31;s:10:\"2025-08-07\";i:32;s:10:\"2025-08-08\";i:33;s:10:\"2025-08-06\";}',1,3,NULL,NULL,'2025-08-13 15:25:44','2025-08-27 13:52:04'),(105,24,3,'2025-08-26','2025-08-26',1,0,NULL,'2025-08-14',NULL,'a:30:{i:0;s:10:\"2025-04-17\";i:1;s:10:\"2025-04-18\";i:2;s:10:\"2025-04-19\";i:3;s:10:\"2025-04-20\";i:4;s:10:\"2025-04-21\";i:5;s:10:\"2025-04-22\";i:6;s:10:\"2025-05-05\";i:7;s:10:\"2025-05-06\";i:8;s:10:\"2025-05-07\";i:9;s:10:\"2025-05-08\";i:10;s:10:\"2025-05-09\";i:11;s:10:\"2025-05-30\";i:12;s:10:\"2025-07-07\";i:13;s:10:\"2025-07-08\";i:14;s:10:\"2025-07-09\";i:15;s:10:\"2025-07-10\";i:16;s:10:\"2025-07-11\";i:17;s:10:\"2025-07-12\";i:18;s:10:\"2025-07-13\";i:19;s:10:\"2025-07-14\";i:20;s:10:\"2025-07-15\";i:21;s:10:\"2025-07-16\";i:22;s:10:\"2025-07-17\";i:23;s:10:\"2025-07-18\";i:24;s:10:\"2025-07-28\";i:25;s:10:\"2025-07-29\";i:26;s:10:\"2025-08-15\";i:27;s:10:\"2025-08-16\";i:28;s:10:\"2025-08-17\";i:29;s:10:\"2025-08-18\";}',1,3,NULL,NULL,'2025-08-14 08:11:31','2025-08-27 13:52:07'),(106,21,3,'2025-08-26','2025-08-26',2,0,NULL,'2025-08-25',NULL,'a:39:{i:0;s:10:\"2025-02-21\";i:1;s:10:\"2025-02-06\";i:2;s:10:\"2025-02-07\";i:3;s:10:\"2025-05-02\";i:4;s:10:\"2025-05-03\";i:5;s:10:\"2025-05-04\";i:6;s:10:\"2025-05-05\";i:7;s:10:\"2025-05-26\";i:8;s:10:\"2025-05-27\";i:9;s:10:\"2025-05-28\";i:10;s:10:\"2025-05-29\";i:11;s:10:\"2025-05-30\";i:12;s:10:\"2025-05-23\";i:13;s:10:\"2025-06-26\";i:14;s:10:\"2025-07-21\";i:15;s:10:\"2025-07-22\";i:16;s:10:\"2025-07-23\";i:17;s:10:\"2025-07-24\";i:18;s:10:\"2025-07-25\";i:19;s:10:\"2025-07-26\";i:20;s:10:\"2025-07-27\";i:21;s:10:\"2025-07-28\";i:22;s:10:\"2025-07-29\";i:23;s:10:\"2025-07-30\";i:24;s:10:\"2025-07-31\";i:25;s:10:\"2025-08-01\";i:26;s:10:\"2025-08-02\";i:27;s:10:\"2025-08-03\";i:28;s:10:\"2025-08-04\";i:29;s:10:\"2025-08-05\";i:30;s:10:\"2025-08-27\";i:31;s:10:\"2025-07-14\";i:32;s:10:\"2025-07-15\";i:33;s:10:\"2025-07-16\";i:34;s:10:\"2025-08-07\";i:35;s:10:\"2025-08-08\";i:36;s:10:\"2025-08-09\";i:37;s:10:\"2025-08-10\";i:38;s:10:\"2025-08-11\";}',1,3,NULL,NULL,'2025-08-25 15:30:09','2025-08-27 13:52:10'),(107,24,3,'2025-10-20','2025-10-27',1,0,NULL,'2025-08-28',NULL,'a:31:{i:0;s:10:\"2025-04-17\";i:1;s:10:\"2025-04-18\";i:2;s:10:\"2025-04-19\";i:3;s:10:\"2025-04-20\";i:4;s:10:\"2025-04-21\";i:5;s:10:\"2025-04-22\";i:6;s:10:\"2025-05-05\";i:7;s:10:\"2025-05-06\";i:8;s:10:\"2025-05-07\";i:9;s:10:\"2025-05-08\";i:10;s:10:\"2025-05-09\";i:11;s:10:\"2025-05-30\";i:12;s:10:\"2025-07-07\";i:13;s:10:\"2025-07-08\";i:14;s:10:\"2025-07-09\";i:15;s:10:\"2025-07-10\";i:16;s:10:\"2025-07-11\";i:17;s:10:\"2025-07-12\";i:18;s:10:\"2025-07-13\";i:19;s:10:\"2025-07-14\";i:20;s:10:\"2025-07-15\";i:21;s:10:\"2025-07-16\";i:22;s:10:\"2025-07-17\";i:23;s:10:\"2025-07-18\";i:24;s:10:\"2025-07-28\";i:25;s:10:\"2025-07-29\";i:26;s:10:\"2025-08-15\";i:27;s:10:\"2025-08-16\";i:28;s:10:\"2025-08-17\";i:29;s:10:\"2025-08-18\";i:30;s:10:\"2025-08-26\";}',1,3,NULL,NULL,'2025-08-28 06:56:25','2025-08-28 13:29:14'),(108,20,2,'2025-08-29','2025-08-29',1,0,NULL,'2025-08-28',NULL,'a:38:{i:0;s:10:\"2025-02-27\";i:1;s:10:\"2025-02-28\";i:2;s:10:\"2025-04-16\";i:3;s:10:\"2025-04-17\";i:4;s:10:\"2025-04-18\";i:5;s:10:\"2025-04-19\";i:6;s:10:\"2025-04-20\";i:7;s:10:\"2025-04-21\";i:8;s:10:\"2025-04-22\";i:9;s:10:\"2025-03-06\";i:10;s:10:\"2025-06-30\";i:11;s:10:\"2025-07-01\";i:12;s:10:\"2025-07-02\";i:13;s:10:\"2025-07-03\";i:14;s:10:\"2025-07-04\";i:15;s:10:\"2025-05-30\";i:16;s:10:\"2025-05-28\";i:17;s:10:\"2025-06-13\";i:18;s:10:\"2025-06-25\";i:19;s:10:\"2025-06-26\";i:20;s:10:\"2025-06-27\";i:21;s:10:\"2025-07-07\";i:22;s:10:\"2025-07-08\";i:23;s:10:\"2025-07-09\";i:24;s:10:\"2025-07-10\";i:25;s:10:\"2025-07-11\";i:26;s:10:\"2025-07-12\";i:27;s:10:\"2025-07-13\";i:28;s:10:\"2025-07-14\";i:29;s:10:\"2025-07-15\";i:30;s:10:\"2025-07-16\";i:31;s:10:\"2025-07-17\";i:32;s:10:\"2025-07-18\";i:33;s:10:\"2025-07-19\";i:34;s:10:\"2025-07-20\";i:35;s:10:\"2025-07-21\";i:36;s:10:\"2025-07-22\";i:37;s:10:\"2025-07-23\";}',1,3,NULL,NULL,'2025-08-28 13:27:14','2025-09-23 08:56:04'),(109,18,3,'2025-09-12','2025-09-12',2,0,NULL,'2025-09-11',NULL,'a:35:{i:0;s:10:\"2025-05-06\";i:1;s:10:\"2025-02-17\";i:2;s:10:\"2025-02-18\";i:3;s:10:\"2025-02-19\";i:4;s:10:\"2025-02-20\";i:5;s:10:\"2025-02-21\";i:6;s:10:\"2025-02-22\";i:7;s:10:\"2025-02-23\";i:8;s:10:\"2025-02-24\";i:9;s:10:\"2025-02-25\";i:10;s:10:\"2025-02-26\";i:11;s:10:\"2025-05-08\";i:12;s:10:\"2025-05-30\";i:13;s:10:\"2025-06-18\";i:14;s:10:\"2025-06-30\";i:15;s:10:\"2025-07-01\";i:16;s:10:\"2025-07-02\";i:17;s:10:\"2025-07-03\";i:18;s:10:\"2025-07-04\";i:19;s:10:\"2025-07-05\";i:20;s:10:\"2025-07-06\";i:21;s:10:\"2025-07-07\";i:22;s:10:\"2025-07-09\";i:23;s:10:\"2025-07-10\";i:24;s:10:\"2025-07-11\";i:25;s:10:\"2025-07-12\";i:26;s:10:\"2025-07-13\";i:27;s:10:\"2025-07-14\";i:28;s:10:\"2025-07-15\";i:29;s:10:\"2025-07-16\";i:30;s:10:\"2025-08-01\";i:31;s:10:\"2025-08-07\";i:32;s:10:\"2025-08-08\";i:33;s:10:\"2025-08-06\";i:34;s:10:\"2025-08-14\";}',1,3,NULL,NULL,'2025-09-11 22:33:06','2025-09-23 08:56:08'),(110,12,3,'2025-09-23','2025-09-23',1,0,NULL,'2025-09-12',NULL,'a:37:{i:0;s:10:\"2025-04-15\";i:1;s:10:\"2025-04-16\";i:2;s:10:\"2025-04-17\";i:3;s:10:\"2025-04-18\";i:4;s:10:\"2025-04-19\";i:5;s:10:\"2025-04-20\";i:6;s:10:\"2025-04-21\";i:7;s:10:\"2025-04-22\";i:8;s:10:\"2025-03-14\";i:9;s:10:\"2025-05-30\";i:10;s:10:\"2025-06-12\";i:11;s:10:\"2025-07-31\";i:12;s:10:\"2025-08-01\";i:13;s:10:\"2025-08-02\";i:14;s:10:\"2025-08-03\";i:15;s:10:\"2025-08-04\";i:16;s:10:\"2025-08-05\";i:17;s:10:\"2025-08-06\";i:18;s:10:\"2025-08-07\";i:19;s:10:\"2025-08-08\";i:20;s:10:\"2025-08-09\";i:21;s:10:\"2025-08-10\";i:22;s:10:\"2025-08-11\";i:23;s:10:\"2025-08-12\";i:24;s:10:\"2025-08-13\";i:25;s:10:\"2025-08-14\";i:26;s:10:\"2025-08-15\";i:27;s:10:\"2025-08-16\";i:28;s:10:\"2025-08-17\";i:29;s:10:\"2025-08-18\";i:30;s:10:\"2025-08-19\";i:31;s:10:\"2025-08-20\";i:32;s:10:\"2025-08-21\";i:33;s:10:\"2025-08-22\";i:34;s:10:\"2025-07-11\";i:35;s:10:\"2025-07-18\";i:36;s:10:\"2025-07-30\";}',1,3,NULL,NULL,'2025-09-12 09:06:57','2025-09-23 08:56:11'),(111,19,3,'2025-10-30','2025-10-31',1,0,NULL,'2025-09-12',NULL,'a:15:{i:0;s:10:\"2025-03-07\";i:1;s:10:\"2025-03-13\";i:2;s:10:\"2025-03-14\";i:3;s:10:\"2025-03-17\";i:4;s:10:\"2025-04-30\";i:5;s:10:\"2025-05-30\";i:6;s:10:\"2025-05-02\";i:7;s:10:\"2025-04-10\";i:8;s:10:\"2025-05-23\";i:9;s:10:\"2025-06-16\";i:10;s:10:\"2025-06-17\";i:11;s:10:\"2025-06-18\";i:12;s:10:\"2025-06-11\";i:13;s:10:\"2025-06-12\";i:14;s:10:\"2025-06-13\";}',1,3,NULL,NULL,'2025-09-12 09:12:09','2025-09-23 08:56:15'),(112,16,3,'2025-10-31','2025-11-03',1,0,NULL,'2025-09-16',NULL,'a:17:{i:0;s:10:\"2025-05-22\";i:1;s:10:\"2025-05-23\";i:2;s:10:\"2025-05-24\";i:3;s:10:\"2025-05-25\";i:4;s:10:\"2025-05-26\";i:5;s:10:\"2025-05-27\";i:6;s:10:\"2025-05-28\";i:7;s:10:\"2025-05-29\";i:8;s:10:\"2025-05-30\";i:9;s:10:\"2025-04-30\";i:10;s:10:\"2025-05-07\";i:11;s:10:\"2025-06-12\";i:12;s:10:\"2025-06-13\";i:13;s:10:\"2025-06-14\";i:14;s:10:\"2025-06-15\";i:15;s:10:\"2025-06-16\";i:16;s:10:\"2025-06-17\";}',1,3,NULL,NULL,'2025-09-16 08:53:17','2025-09-23 08:56:18'),(113,17,3,'2025-10-13','2025-10-17',1,0,NULL,'2025-09-19',NULL,'a:12:{i:0;s:10:\"2025-05-19\";i:1;s:10:\"2025-05-20\";i:2;s:10:\"2025-05-21\";i:3;s:10:\"2025-06-09\";i:4;s:10:\"2025-06-10\";i:5;s:10:\"2025-06-11\";i:6;s:10:\"2025-06-12\";i:7;s:10:\"2025-06-13\";i:8;s:10:\"2025-06-16\";i:9;s:10:\"2025-06-17\";i:10;s:10:\"2025-06-18\";i:11;s:10:\"2025-05-30\";}',1,3,NULL,NULL,'2025-09-19 12:41:09','2025-09-23 08:56:22'),(114,17,3,'2025-11-21','2025-11-21',1,0,NULL,'2025-09-22',NULL,'a:17:{i:0;s:10:\"2025-05-19\";i:1;s:10:\"2025-05-20\";i:2;s:10:\"2025-05-21\";i:3;s:10:\"2025-06-09\";i:4;s:10:\"2025-06-10\";i:5;s:10:\"2025-06-11\";i:6;s:10:\"2025-06-12\";i:7;s:10:\"2025-06-13\";i:8;s:10:\"2025-06-16\";i:9;s:10:\"2025-06-17\";i:10;s:10:\"2025-06-18\";i:11;s:10:\"2025-05-30\";i:12;s:10:\"2025-10-13\";i:13;s:10:\"2025-10-14\";i:14;s:10:\"2025-10-15\";i:15;s:10:\"2025-10-16\";i:16;s:10:\"2025-10-17\";}',1,3,NULL,NULL,'2025-09-22 07:49:48','2025-09-23 08:56:26'),(115,17,3,'2025-11-24','2025-11-24',1,0,NULL,'2025-09-22',NULL,'a:18:{i:0;s:10:\"2025-05-19\";i:1;s:10:\"2025-05-20\";i:2;s:10:\"2025-05-21\";i:3;s:10:\"2025-06-09\";i:4;s:10:\"2025-06-10\";i:5;s:10:\"2025-06-11\";i:6;s:10:\"2025-06-12\";i:7;s:10:\"2025-06-13\";i:8;s:10:\"2025-06-16\";i:9;s:10:\"2025-06-17\";i:10;s:10:\"2025-06-18\";i:11;s:10:\"2025-05-30\";i:12;s:10:\"2025-10-13\";i:13;s:10:\"2025-10-14\";i:14;s:10:\"2025-10-15\";i:15;s:10:\"2025-10-16\";i:16;s:10:\"2025-10-17\";i:17;s:10:\"2025-11-21\";}',1,3,NULL,NULL,'2025-09-22 07:50:04','2025-09-23 08:56:28'),(117,19,3,'2025-10-10','2025-10-10',1,0,NULL,'2025-09-29',NULL,'a:17:{i:0;s:10:\"2025-03-07\";i:1;s:10:\"2025-03-13\";i:2;s:10:\"2025-03-14\";i:3;s:10:\"2025-03-17\";i:4;s:10:\"2025-04-30\";i:5;s:10:\"2025-05-30\";i:6;s:10:\"2025-05-02\";i:7;s:10:\"2025-04-10\";i:8;s:10:\"2025-05-23\";i:9;s:10:\"2025-06-16\";i:10;s:10:\"2025-06-17\";i:11;s:10:\"2025-06-18\";i:12;s:10:\"2025-06-11\";i:13;s:10:\"2025-06-12\";i:14;s:10:\"2025-06-13\";i:15;s:10:\"2025-10-30\";i:16;s:10:\"2025-10-31\";}',1,3,NULL,NULL,'2025-09-29 08:11:14','2025-10-09 08:52:04'),(118,20,3,'2025-09-29','2025-09-29',1,0,NULL,'2025-09-30',NULL,'a:39:{i:0;s:10:\"2025-02-27\";i:1;s:10:\"2025-02-28\";i:2;s:10:\"2025-04-16\";i:3;s:10:\"2025-04-17\";i:4;s:10:\"2025-04-18\";i:5;s:10:\"2025-04-19\";i:6;s:10:\"2025-04-20\";i:7;s:10:\"2025-04-21\";i:8;s:10:\"2025-04-22\";i:9;s:10:\"2025-03-06\";i:10;s:10:\"2025-06-30\";i:11;s:10:\"2025-07-01\";i:12;s:10:\"2025-07-02\";i:13;s:10:\"2025-07-03\";i:14;s:10:\"2025-07-04\";i:15;s:10:\"2025-05-30\";i:16;s:10:\"2025-05-28\";i:17;s:10:\"2025-06-13\";i:18;s:10:\"2025-06-25\";i:19;s:10:\"2025-06-26\";i:20;s:10:\"2025-06-27\";i:21;s:10:\"2025-07-07\";i:22;s:10:\"2025-07-08\";i:23;s:10:\"2025-07-09\";i:24;s:10:\"2025-07-10\";i:25;s:10:\"2025-07-11\";i:26;s:10:\"2025-07-12\";i:27;s:10:\"2025-07-13\";i:28;s:10:\"2025-07-14\";i:29;s:10:\"2025-07-15\";i:30;s:10:\"2025-07-16\";i:31;s:10:\"2025-07-17\";i:32;s:10:\"2025-07-18\";i:33;s:10:\"2025-07-19\";i:34;s:10:\"2025-07-20\";i:35;s:10:\"2025-07-21\";i:36;s:10:\"2025-07-22\";i:37;s:10:\"2025-07-23\";i:38;s:10:\"2025-08-29\";}',1,3,NULL,NULL,'2025-09-30 12:39:14','2025-10-09 08:52:06'),(119,18,3,'2025-10-03','2025-10-03',2,0,NULL,'2025-09-30',NULL,'a:36:{i:0;s:10:\"2025-05-06\";i:1;s:10:\"2025-02-17\";i:2;s:10:\"2025-02-18\";i:3;s:10:\"2025-02-19\";i:4;s:10:\"2025-02-20\";i:5;s:10:\"2025-02-21\";i:6;s:10:\"2025-02-22\";i:7;s:10:\"2025-02-23\";i:8;s:10:\"2025-02-24\";i:9;s:10:\"2025-02-25\";i:10;s:10:\"2025-02-26\";i:11;s:10:\"2025-05-08\";i:12;s:10:\"2025-05-30\";i:13;s:10:\"2025-06-18\";i:14;s:10:\"2025-06-30\";i:15;s:10:\"2025-07-01\";i:16;s:10:\"2025-07-02\";i:17;s:10:\"2025-07-03\";i:18;s:10:\"2025-07-04\";i:19;s:10:\"2025-07-05\";i:20;s:10:\"2025-07-06\";i:21;s:10:\"2025-07-07\";i:22;s:10:\"2025-07-09\";i:23;s:10:\"2025-07-10\";i:24;s:10:\"2025-07-11\";i:25;s:10:\"2025-07-12\";i:26;s:10:\"2025-07-13\";i:27;s:10:\"2025-07-14\";i:28;s:10:\"2025-07-15\";i:29;s:10:\"2025-07-16\";i:30;s:10:\"2025-08-01\";i:31;s:10:\"2025-08-07\";i:32;s:10:\"2025-08-08\";i:33;s:10:\"2025-08-06\";i:34;s:10:\"2025-08-14\";i:35;s:10:\"2025-09-12\";}',1,3,NULL,NULL,'2025-09-30 19:54:38','2025-10-09 08:56:12'),(120,13,3,'2025-10-23','2025-11-03',1,1,NULL,'2025-10-07',NULL,'a:20:{i:0;s:10:\"2025-02-24\";i:1;s:10:\"2025-02-25\";i:2;s:10:\"2025-02-26\";i:3;s:10:\"2025-02-27\";i:4;s:10:\"2025-02-28\";i:5;s:10:\"2025-05-02\";i:6;s:10:\"2025-05-03\";i:7;s:10:\"2025-05-04\";i:8;s:10:\"2025-05-05\";i:9;s:10:\"2025-05-06\";i:10;s:10:\"2025-05-07\";i:11;s:10:\"2025-05-08\";i:12;s:10:\"2025-05-09\";i:13;s:10:\"2025-05-30\";i:14;s:10:\"2025-05-28\";i:15;s:10:\"2025-06-23\";i:16;s:10:\"2025-06-24\";i:17;s:10:\"2025-06-25\";i:18;s:10:\"2025-06-26\";i:19;s:10:\"2025-06-27\";}',1,3,NULL,NULL,'2025-10-07 08:38:34','2025-10-07 08:38:34'),(121,18,3,'2025-10-20','2025-10-31',1,1,NULL,'2025-10-07',NULL,'a:37:{i:0;s:10:\"2025-05-06\";i:1;s:10:\"2025-02-17\";i:2;s:10:\"2025-02-18\";i:3;s:10:\"2025-02-19\";i:4;s:10:\"2025-02-20\";i:5;s:10:\"2025-02-21\";i:6;s:10:\"2025-02-22\";i:7;s:10:\"2025-02-23\";i:8;s:10:\"2025-02-24\";i:9;s:10:\"2025-02-25\";i:10;s:10:\"2025-02-26\";i:11;s:10:\"2025-05-08\";i:12;s:10:\"2025-05-30\";i:13;s:10:\"2025-06-18\";i:14;s:10:\"2025-06-30\";i:15;s:10:\"2025-07-01\";i:16;s:10:\"2025-07-02\";i:17;s:10:\"2025-07-03\";i:18;s:10:\"2025-07-04\";i:19;s:10:\"2025-07-05\";i:20;s:10:\"2025-07-06\";i:21;s:10:\"2025-07-07\";i:22;s:10:\"2025-07-09\";i:23;s:10:\"2025-07-10\";i:24;s:10:\"2025-07-11\";i:25;s:10:\"2025-07-12\";i:26;s:10:\"2025-07-13\";i:27;s:10:\"2025-07-14\";i:28;s:10:\"2025-07-15\";i:29;s:10:\"2025-07-16\";i:30;s:10:\"2025-08-01\";i:31;s:10:\"2025-08-07\";i:32;s:10:\"2025-08-08\";i:33;s:10:\"2025-08-06\";i:34;s:10:\"2025-08-14\";i:35;s:10:\"2025-09-12\";i:36;s:10:\"2025-10-03\";}',1,3,NULL,NULL,'2025-10-07 15:50:32','2025-10-09 08:56:15'),(122,21,3,'2025-10-13','2025-10-14',2,0,NULL,'2025-10-08',NULL,'a:40:{i:0;s:10:\"2025-02-21\";i:1;s:10:\"2025-02-06\";i:2;s:10:\"2025-02-07\";i:3;s:10:\"2025-05-02\";i:4;s:10:\"2025-05-03\";i:5;s:10:\"2025-05-04\";i:6;s:10:\"2025-05-05\";i:7;s:10:\"2025-05-26\";i:8;s:10:\"2025-05-27\";i:9;s:10:\"2025-05-28\";i:10;s:10:\"2025-05-29\";i:11;s:10:\"2025-05-30\";i:12;s:10:\"2025-05-23\";i:13;s:10:\"2025-06-26\";i:14;s:10:\"2025-07-21\";i:15;s:10:\"2025-07-22\";i:16;s:10:\"2025-07-23\";i:17;s:10:\"2025-07-24\";i:18;s:10:\"2025-07-25\";i:19;s:10:\"2025-07-26\";i:20;s:10:\"2025-07-27\";i:21;s:10:\"2025-07-28\";i:22;s:10:\"2025-07-29\";i:23;s:10:\"2025-07-30\";i:24;s:10:\"2025-07-31\";i:25;s:10:\"2025-08-01\";i:26;s:10:\"2025-08-02\";i:27;s:10:\"2025-08-03\";i:28;s:10:\"2025-08-04\";i:29;s:10:\"2025-08-05\";i:30;s:10:\"2025-08-27\";i:31;s:10:\"2025-07-14\";i:32;s:10:\"2025-07-15\";i:33;s:10:\"2025-07-16\";i:34;s:10:\"2025-08-07\";i:35;s:10:\"2025-08-08\";i:36;s:10:\"2025-08-09\";i:37;s:10:\"2025-08-10\";i:38;s:10:\"2025-08-11\";i:39;s:10:\"2025-08-26\";}',1,3,NULL,NULL,'2025-10-08 07:41:35','2025-10-09 08:56:20'),(123,21,3,'2025-11-03','2025-11-07',1,0,NULL,'2025-10-08',NULL,'a:42:{i:0;s:10:\"2025-02-21\";i:1;s:10:\"2025-02-06\";i:2;s:10:\"2025-02-07\";i:3;s:10:\"2025-05-02\";i:4;s:10:\"2025-05-03\";i:5;s:10:\"2025-05-04\";i:6;s:10:\"2025-05-05\";i:7;s:10:\"2025-05-26\";i:8;s:10:\"2025-05-27\";i:9;s:10:\"2025-05-28\";i:10;s:10:\"2025-05-29\";i:11;s:10:\"2025-05-30\";i:12;s:10:\"2025-05-23\";i:13;s:10:\"2025-06-26\";i:14;s:10:\"2025-07-21\";i:15;s:10:\"2025-07-22\";i:16;s:10:\"2025-07-23\";i:17;s:10:\"2025-07-24\";i:18;s:10:\"2025-07-25\";i:19;s:10:\"2025-07-26\";i:20;s:10:\"2025-07-27\";i:21;s:10:\"2025-07-28\";i:22;s:10:\"2025-07-29\";i:23;s:10:\"2025-07-30\";i:24;s:10:\"2025-07-31\";i:25;s:10:\"2025-08-01\";i:26;s:10:\"2025-08-02\";i:27;s:10:\"2025-08-03\";i:28;s:10:\"2025-08-04\";i:29;s:10:\"2025-08-05\";i:30;s:10:\"2025-08-27\";i:31;s:10:\"2025-07-14\";i:32;s:10:\"2025-07-15\";i:33;s:10:\"2025-07-16\";i:34;s:10:\"2025-08-07\";i:35;s:10:\"2025-08-08\";i:36;s:10:\"2025-08-09\";i:37;s:10:\"2025-08-10\";i:38;s:10:\"2025-08-11\";i:39;s:10:\"2025-08-26\";i:40;s:10:\"2025-10-13\";i:41;s:10:\"2025-10-14\";}',1,3,NULL,NULL,'2025-10-08 07:42:20','2025-10-09 08:56:23'),(124,22,3,'2025-10-20','2025-10-23',2,0,NULL,'2025-10-09',NULL,'a:26:{i:0;s:10:\"2025-02-17\";i:1;s:10:\"2025-02-18\";i:2;s:10:\"2025-02-19\";i:3;s:10:\"2025-02-20\";i:4;s:10:\"2025-04-28\";i:5;s:10:\"2025-04-29\";i:6;s:10:\"2025-04-30\";i:7;s:10:\"2025-06-12\";i:8;s:10:\"2025-07-07\";i:9;s:10:\"2025-07-08\";i:10;s:10:\"2025-07-09\";i:11;s:10:\"2025-07-10\";i:12;s:10:\"2025-07-11\";i:13;s:10:\"2025-07-12\";i:14;s:10:\"2025-07-13\";i:15;s:10:\"2025-07-14\";i:16;s:10:\"2025-07-15\";i:17;s:10:\"2025-07-16\";i:18;s:10:\"2025-07-17\";i:19;s:10:\"2025-07-18\";i:20;s:10:\"2025-07-19\";i:21;s:10:\"2025-07-20\";i:22;s:10:\"2025-07-21\";i:23;s:10:\"2025-07-22\";i:24;s:10:\"2025-07-23\";i:25;s:10:\"2025-07-24\";}',1,3,NULL,NULL,'2025-10-09 08:50:16','2025-10-09 08:53:22'),(125,20,3,'2025-12-22','2025-12-30',1,0,NULL,'2025-10-14',NULL,'a:40:{i:0;s:10:\"2025-02-27\";i:1;s:10:\"2025-02-28\";i:2;s:10:\"2025-04-16\";i:3;s:10:\"2025-04-17\";i:4;s:10:\"2025-04-18\";i:5;s:10:\"2025-04-19\";i:6;s:10:\"2025-04-20\";i:7;s:10:\"2025-04-21\";i:8;s:10:\"2025-04-22\";i:9;s:10:\"2025-03-06\";i:10;s:10:\"2025-06-30\";i:11;s:10:\"2025-07-01\";i:12;s:10:\"2025-07-02\";i:13;s:10:\"2025-07-03\";i:14;s:10:\"2025-07-04\";i:15;s:10:\"2025-05-30\";i:16;s:10:\"2025-05-28\";i:17;s:10:\"2025-06-13\";i:18;s:10:\"2025-06-25\";i:19;s:10:\"2025-06-26\";i:20;s:10:\"2025-06-27\";i:21;s:10:\"2025-07-07\";i:22;s:10:\"2025-07-08\";i:23;s:10:\"2025-07-09\";i:24;s:10:\"2025-07-10\";i:25;s:10:\"2025-07-11\";i:26;s:10:\"2025-07-12\";i:27;s:10:\"2025-07-13\";i:28;s:10:\"2025-07-14\";i:29;s:10:\"2025-07-15\";i:30;s:10:\"2025-07-16\";i:31;s:10:\"2025-07-17\";i:32;s:10:\"2025-07-18\";i:33;s:10:\"2025-07-19\";i:34;s:10:\"2025-07-20\";i:35;s:10:\"2025-07-21\";i:36;s:10:\"2025-07-22\";i:37;s:10:\"2025-07-23\";i:38;s:10:\"2025-08-29\";i:39;s:10:\"2025-09-29\";}',1,3,NULL,NULL,'2025-10-14 13:44:01','2025-10-23 12:28:56'),(126,20,3,'2025-10-22','2025-10-24',2,0,NULL,'2025-10-14',NULL,'a:49:{i:0;s:10:\"2025-02-27\";i:1;s:10:\"2025-02-28\";i:2;s:10:\"2025-04-16\";i:3;s:10:\"2025-04-17\";i:4;s:10:\"2025-04-18\";i:5;s:10:\"2025-04-19\";i:6;s:10:\"2025-04-20\";i:7;s:10:\"2025-04-21\";i:8;s:10:\"2025-04-22\";i:9;s:10:\"2025-03-06\";i:10;s:10:\"2025-06-30\";i:11;s:10:\"2025-07-01\";i:12;s:10:\"2025-07-02\";i:13;s:10:\"2025-07-03\";i:14;s:10:\"2025-07-04\";i:15;s:10:\"2025-05-30\";i:16;s:10:\"2025-05-28\";i:17;s:10:\"2025-06-13\";i:18;s:10:\"2025-06-25\";i:19;s:10:\"2025-06-26\";i:20;s:10:\"2025-06-27\";i:21;s:10:\"2025-07-07\";i:22;s:10:\"2025-07-08\";i:23;s:10:\"2025-07-09\";i:24;s:10:\"2025-07-10\";i:25;s:10:\"2025-07-11\";i:26;s:10:\"2025-07-12\";i:27;s:10:\"2025-07-13\";i:28;s:10:\"2025-07-14\";i:29;s:10:\"2025-07-15\";i:30;s:10:\"2025-07-16\";i:31;s:10:\"2025-07-17\";i:32;s:10:\"2025-07-18\";i:33;s:10:\"2025-07-19\";i:34;s:10:\"2025-07-20\";i:35;s:10:\"2025-07-21\";i:36;s:10:\"2025-07-22\";i:37;s:10:\"2025-07-23\";i:38;s:10:\"2025-08-29\";i:39;s:10:\"2025-09-29\";i:40;s:10:\"2025-12-22\";i:41;s:10:\"2025-12-23\";i:42;s:10:\"2025-12-24\";i:43;s:10:\"2025-12-25\";i:44;s:10:\"2025-12-26\";i:45;s:10:\"2025-12-27\";i:46;s:10:\"2025-12-28\";i:47;s:10:\"2025-12-29\";i:48;s:10:\"2025-12-30\";}',1,3,NULL,NULL,'2025-10-14 14:59:49','2025-10-23 12:29:01'),(127,22,3,'2025-10-27','2025-10-27',1,0,NULL,'2025-10-16',NULL,'a:30:{i:0;s:10:\"2025-02-17\";i:1;s:10:\"2025-02-18\";i:2;s:10:\"2025-02-19\";i:3;s:10:\"2025-02-20\";i:4;s:10:\"2025-04-28\";i:5;s:10:\"2025-04-29\";i:6;s:10:\"2025-04-30\";i:7;s:10:\"2025-06-12\";i:8;s:10:\"2025-07-07\";i:9;s:10:\"2025-07-08\";i:10;s:10:\"2025-07-09\";i:11;s:10:\"2025-07-10\";i:12;s:10:\"2025-07-11\";i:13;s:10:\"2025-07-12\";i:14;s:10:\"2025-07-13\";i:15;s:10:\"2025-07-14\";i:16;s:10:\"2025-07-15\";i:17;s:10:\"2025-07-16\";i:18;s:10:\"2025-07-17\";i:19;s:10:\"2025-07-18\";i:20;s:10:\"2025-07-19\";i:21;s:10:\"2025-07-20\";i:22;s:10:\"2025-07-21\";i:23;s:10:\"2025-07-22\";i:24;s:10:\"2025-07-23\";i:25;s:10:\"2025-07-24\";i:26;s:10:\"2025-10-20\";i:27;s:10:\"2025-10-21\";i:28;s:10:\"2025-10-22\";i:29;s:10:\"2025-10-23\";}',1,3,NULL,NULL,'2025-10-16 14:36:27','2025-10-23 12:29:05'),(128,19,3,'2025-10-28','2025-10-28',1,0,NULL,'2025-10-24',NULL,'a:18:{i:0;s:10:\"2025-03-07\";i:1;s:10:\"2025-03-13\";i:2;s:10:\"2025-03-14\";i:3;s:10:\"2025-03-17\";i:4;s:10:\"2025-04-30\";i:5;s:10:\"2025-05-30\";i:6;s:10:\"2025-05-02\";i:7;s:10:\"2025-04-10\";i:8;s:10:\"2025-05-23\";i:9;s:10:\"2025-06-16\";i:10;s:10:\"2025-06-17\";i:11;s:10:\"2025-06-18\";i:12;s:10:\"2025-06-11\";i:13;s:10:\"2025-06-12\";i:14;s:10:\"2025-06-13\";i:15;s:10:\"2025-10-30\";i:16;s:10:\"2025-10-31\";i:17;s:10:\"2025-10-10\";}',1,3,NULL,NULL,'2025-10-24 09:46:35','2025-10-31 11:31:07'),(129,14,3,'2025-11-14','2025-11-19',1,0,NULL,'2025-10-27',NULL,'a:12:{i:0;s:10:\"2025-02-17\";i:1;s:10:\"2025-02-18\";i:2;s:10:\"2025-04-10\";i:3;s:10:\"2025-04-11\";i:4;s:10:\"2025-04-30\";i:5;s:10:\"2025-05-02\";i:6;s:10:\"2025-05-15\";i:7;s:10:\"2025-05-28\";i:8;s:10:\"2025-05-30\";i:9;s:10:\"2025-06-12\";i:10;s:10:\"2025-06-13\";i:11;s:10:\"2025-06-17\";}',1,3,NULL,NULL,'2025-10-27 09:01:35','2025-10-31 11:31:09'),(130,21,2,'2025-10-31','2025-10-31',2,0,NULL,'2025-10-27',NULL,'a:47:{i:0;s:10:\"2025-02-21\";i:1;s:10:\"2025-02-06\";i:2;s:10:\"2025-02-07\";i:3;s:10:\"2025-05-02\";i:4;s:10:\"2025-05-03\";i:5;s:10:\"2025-05-04\";i:6;s:10:\"2025-05-05\";i:7;s:10:\"2025-05-26\";i:8;s:10:\"2025-05-27\";i:9;s:10:\"2025-05-28\";i:10;s:10:\"2025-05-29\";i:11;s:10:\"2025-05-30\";i:12;s:10:\"2025-05-23\";i:13;s:10:\"2025-06-26\";i:14;s:10:\"2025-07-21\";i:15;s:10:\"2025-07-22\";i:16;s:10:\"2025-07-23\";i:17;s:10:\"2025-07-24\";i:18;s:10:\"2025-07-25\";i:19;s:10:\"2025-07-26\";i:20;s:10:\"2025-07-27\";i:21;s:10:\"2025-07-28\";i:22;s:10:\"2025-07-29\";i:23;s:10:\"2025-07-30\";i:24;s:10:\"2025-07-31\";i:25;s:10:\"2025-08-01\";i:26;s:10:\"2025-08-02\";i:27;s:10:\"2025-08-03\";i:28;s:10:\"2025-08-04\";i:29;s:10:\"2025-08-05\";i:30;s:10:\"2025-08-27\";i:31;s:10:\"2025-07-14\";i:32;s:10:\"2025-07-15\";i:33;s:10:\"2025-07-16\";i:34;s:10:\"2025-08-07\";i:35;s:10:\"2025-08-08\";i:36;s:10:\"2025-08-09\";i:37;s:10:\"2025-08-10\";i:38;s:10:\"2025-08-11\";i:39;s:10:\"2025-08-26\";i:40;s:10:\"2025-10-13\";i:41;s:10:\"2025-10-14\";i:42;s:10:\"2025-11-03\";i:43;s:10:\"2025-11-04\";i:44;s:10:\"2025-11-05\";i:45;s:10:\"2025-11-06\";i:46;s:10:\"2025-11-07\";}',1,3,NULL,NULL,'2025-10-27 12:56:36','2025-10-31 11:31:12'),(131,17,2,'2025-11-14','2025-11-14',2,0,NULL,'2025-10-27',NULL,'a:19:{i:0;s:10:\"2025-05-19\";i:1;s:10:\"2025-05-20\";i:2;s:10:\"2025-05-21\";i:3;s:10:\"2025-06-09\";i:4;s:10:\"2025-06-10\";i:5;s:10:\"2025-06-11\";i:6;s:10:\"2025-06-12\";i:7;s:10:\"2025-06-13\";i:8;s:10:\"2025-06-16\";i:9;s:10:\"2025-06-17\";i:10;s:10:\"2025-06-18\";i:11;s:10:\"2025-05-30\";i:12;s:10:\"2025-10-13\";i:13;s:10:\"2025-10-14\";i:14;s:10:\"2025-10-15\";i:15;s:10:\"2025-10-16\";i:16;s:10:\"2025-10-17\";i:17;s:10:\"2025-11-21\";i:18;s:10:\"2025-11-24\";}',1,3,NULL,NULL,'2025-10-27 17:40:52','2025-10-31 11:31:15'),(132,12,3,'2025-12-22','2025-12-23',1,0,NULL,'2025-11-03',NULL,'a:38:{i:0;s:10:\"2025-04-15\";i:1;s:10:\"2025-04-16\";i:2;s:10:\"2025-04-17\";i:3;s:10:\"2025-04-18\";i:4;s:10:\"2025-04-19\";i:5;s:10:\"2025-04-20\";i:6;s:10:\"2025-04-21\";i:7;s:10:\"2025-04-22\";i:8;s:10:\"2025-03-14\";i:9;s:10:\"2025-05-30\";i:10;s:10:\"2025-06-12\";i:11;s:10:\"2025-07-31\";i:12;s:10:\"2025-08-01\";i:13;s:10:\"2025-08-02\";i:14;s:10:\"2025-08-03\";i:15;s:10:\"2025-08-04\";i:16;s:10:\"2025-08-05\";i:17;s:10:\"2025-08-06\";i:18;s:10:\"2025-08-07\";i:19;s:10:\"2025-08-08\";i:20;s:10:\"2025-08-09\";i:21;s:10:\"2025-08-10\";i:22;s:10:\"2025-08-11\";i:23;s:10:\"2025-08-12\";i:24;s:10:\"2025-08-13\";i:25;s:10:\"2025-08-14\";i:26;s:10:\"2025-08-15\";i:27;s:10:\"2025-08-16\";i:28;s:10:\"2025-08-17\";i:29;s:10:\"2025-08-18\";i:30;s:10:\"2025-08-19\";i:31;s:10:\"2025-08-20\";i:32;s:10:\"2025-08-21\";i:33;s:10:\"2025-08-22\";i:34;s:10:\"2025-07-11\";i:35;s:10:\"2025-07-18\";i:36;s:10:\"2025-07-30\";i:37;s:10:\"2025-09-23\";}',0,3,NULL,NULL,'2025-11-03 10:41:17','2025-12-01 11:01:12'),(133,12,3,'2025-12-29','2025-12-30',1,0,NULL,'2025-11-03',NULL,'a:40:{i:0;s:10:\"2025-04-15\";i:1;s:10:\"2025-04-16\";i:2;s:10:\"2025-04-17\";i:3;s:10:\"2025-04-18\";i:4;s:10:\"2025-04-19\";i:5;s:10:\"2025-04-20\";i:6;s:10:\"2025-04-21\";i:7;s:10:\"2025-04-22\";i:8;s:10:\"2025-03-14\";i:9;s:10:\"2025-05-30\";i:10;s:10:\"2025-06-12\";i:11;s:10:\"2025-07-31\";i:12;s:10:\"2025-08-01\";i:13;s:10:\"2025-08-02\";i:14;s:10:\"2025-08-03\";i:15;s:10:\"2025-08-04\";i:16;s:10:\"2025-08-05\";i:17;s:10:\"2025-08-06\";i:18;s:10:\"2025-08-07\";i:19;s:10:\"2025-08-08\";i:20;s:10:\"2025-08-09\";i:21;s:10:\"2025-08-10\";i:22;s:10:\"2025-08-11\";i:23;s:10:\"2025-08-12\";i:24;s:10:\"2025-08-13\";i:25;s:10:\"2025-08-14\";i:26;s:10:\"2025-08-15\";i:27;s:10:\"2025-08-16\";i:28;s:10:\"2025-08-17\";i:29;s:10:\"2025-08-18\";i:30;s:10:\"2025-08-19\";i:31;s:10:\"2025-08-20\";i:32;s:10:\"2025-08-21\";i:33;s:10:\"2025-08-22\";i:34;s:10:\"2025-07-11\";i:35;s:10:\"2025-07-18\";i:36;s:10:\"2025-07-30\";i:37;s:10:\"2025-09-23\";i:38;s:10:\"2025-12-22\";i:39;s:10:\"2025-12-23\";}',0,3,NULL,NULL,'2025-11-03 10:41:38','2025-12-01 11:01:24'),(134,25,3,'2025-11-24','2025-11-24',1,0,NULL,'2025-11-04',NULL,'a:0:{}',1,3,NULL,NULL,'2025-11-04 11:07:48','2025-11-05 15:15:54'),(135,17,1,'2025-11-11','2025-11-11',2,0,NULL,'2025-11-05',NULL,'a:20:{i:0;s:10:\"2025-05-19\";i:1;s:10:\"2025-05-20\";i:2;s:10:\"2025-05-21\";i:3;s:10:\"2025-06-09\";i:4;s:10:\"2025-06-10\";i:5;s:10:\"2025-06-11\";i:6;s:10:\"2025-06-12\";i:7;s:10:\"2025-06-13\";i:8;s:10:\"2025-06-16\";i:9;s:10:\"2025-06-17\";i:10;s:10:\"2025-06-18\";i:11;s:10:\"2025-05-30\";i:12;s:10:\"2025-10-13\";i:13;s:10:\"2025-10-14\";i:14;s:10:\"2025-10-15\";i:15;s:10:\"2025-10-16\";i:16;s:10:\"2025-10-17\";i:17;s:10:\"2025-11-21\";i:18;s:10:\"2025-11-24\";i:19;s:10:\"2025-11-14\";}',1,3,NULL,NULL,'2025-11-05 15:17:51','2025-11-07 10:47:43'),(138,16,3,'2025-12-22','2026-01-07',1,0,NULL,'2025-11-07',NULL,'a:21:{i:0;s:10:\"2025-05-22\";i:1;s:10:\"2025-05-23\";i:2;s:10:\"2025-05-24\";i:3;s:10:\"2025-05-25\";i:4;s:10:\"2025-05-26\";i:5;s:10:\"2025-05-27\";i:6;s:10:\"2025-05-28\";i:7;s:10:\"2025-05-29\";i:8;s:10:\"2025-05-30\";i:9;s:10:\"2025-04-30\";i:10;s:10:\"2025-05-07\";i:11;s:10:\"2025-06-12\";i:12;s:10:\"2025-06-13\";i:13;s:10:\"2025-06-14\";i:14;s:10:\"2025-06-15\";i:15;s:10:\"2025-06-16\";i:16;s:10:\"2025-06-17\";i:17;s:10:\"2025-10-31\";i:18;s:10:\"2025-11-01\";i:19;s:10:\"2025-11-02\";i:20;s:10:\"2025-11-03\";}',1,3,NULL,NULL,'2025-11-07 13:48:31','2025-11-12 08:43:51'),(139,21,1,'2025-12-01','2025-12-01',1,0,NULL,'2025-11-10',NULL,'a:48:{i:0;s:10:\"2025-02-21\";i:1;s:10:\"2025-02-06\";i:2;s:10:\"2025-02-07\";i:3;s:10:\"2025-05-02\";i:4;s:10:\"2025-05-03\";i:5;s:10:\"2025-05-04\";i:6;s:10:\"2025-05-05\";i:7;s:10:\"2025-05-26\";i:8;s:10:\"2025-05-27\";i:9;s:10:\"2025-05-28\";i:10;s:10:\"2025-05-29\";i:11;s:10:\"2025-05-30\";i:12;s:10:\"2025-05-23\";i:13;s:10:\"2025-06-26\";i:14;s:10:\"2025-07-21\";i:15;s:10:\"2025-07-22\";i:16;s:10:\"2025-07-23\";i:17;s:10:\"2025-07-24\";i:18;s:10:\"2025-07-25\";i:19;s:10:\"2025-07-26\";i:20;s:10:\"2025-07-27\";i:21;s:10:\"2025-07-28\";i:22;s:10:\"2025-07-29\";i:23;s:10:\"2025-07-30\";i:24;s:10:\"2025-07-31\";i:25;s:10:\"2025-08-01\";i:26;s:10:\"2025-08-02\";i:27;s:10:\"2025-08-03\";i:28;s:10:\"2025-08-04\";i:29;s:10:\"2025-08-05\";i:30;s:10:\"2025-08-27\";i:31;s:10:\"2025-07-14\";i:32;s:10:\"2025-07-15\";i:33;s:10:\"2025-07-16\";i:34;s:10:\"2025-08-07\";i:35;s:10:\"2025-08-08\";i:36;s:10:\"2025-08-09\";i:37;s:10:\"2025-08-10\";i:38;s:10:\"2025-08-11\";i:39;s:10:\"2025-08-26\";i:40;s:10:\"2025-10-13\";i:41;s:10:\"2025-10-14\";i:42;s:10:\"2025-11-03\";i:43;s:10:\"2025-11-04\";i:44;s:10:\"2025-11-05\";i:45;s:10:\"2025-11-06\";i:46;s:10:\"2025-11-07\";i:47;s:10:\"2025-10-31\";}',1,3,NULL,NULL,'2025-11-10 14:14:52','2025-11-12 08:44:07'),(140,19,3,'2025-11-21','2025-11-21',1,0,NULL,'2025-11-18',NULL,'a:19:{i:0;s:10:\"2025-03-07\";i:1;s:10:\"2025-03-13\";i:2;s:10:\"2025-03-14\";i:3;s:10:\"2025-03-17\";i:4;s:10:\"2025-04-30\";i:5;s:10:\"2025-05-30\";i:6;s:10:\"2025-05-02\";i:7;s:10:\"2025-04-10\";i:8;s:10:\"2025-05-23\";i:9;s:10:\"2025-06-16\";i:10;s:10:\"2025-06-17\";i:11;s:10:\"2025-06-18\";i:12;s:10:\"2025-06-11\";i:13;s:10:\"2025-06-12\";i:14;s:10:\"2025-06-13\";i:15;s:10:\"2025-10-30\";i:16;s:10:\"2025-10-31\";i:17;s:10:\"2025-10-10\";i:18;s:10:\"2025-10-28\";}',1,3,NULL,NULL,'2025-11-18 08:26:10','2025-11-20 14:38:27'),(141,16,3,'2026-01-08','2026-01-12',1,0,NULL,'2025-11-18',NULL,'a:38:{i:0;s:10:\"2025-05-22\";i:1;s:10:\"2025-05-23\";i:2;s:10:\"2025-05-24\";i:3;s:10:\"2025-05-25\";i:4;s:10:\"2025-05-26\";i:5;s:10:\"2025-05-27\";i:6;s:10:\"2025-05-28\";i:7;s:10:\"2025-05-29\";i:8;s:10:\"2025-05-30\";i:9;s:10:\"2025-04-30\";i:10;s:10:\"2025-05-07\";i:11;s:10:\"2025-06-12\";i:12;s:10:\"2025-06-13\";i:13;s:10:\"2025-06-14\";i:14;s:10:\"2025-06-15\";i:15;s:10:\"2025-06-16\";i:16;s:10:\"2025-06-17\";i:17;s:10:\"2025-10-31\";i:18;s:10:\"2025-11-01\";i:19;s:10:\"2025-11-02\";i:20;s:10:\"2025-11-03\";i:21;s:10:\"2025-12-22\";i:22;s:10:\"2025-12-23\";i:23;s:10:\"2025-12-24\";i:24;s:10:\"2025-12-25\";i:25;s:10:\"2025-12-26\";i:26;s:10:\"2025-12-27\";i:27;s:10:\"2025-12-28\";i:28;s:10:\"2025-12-29\";i:29;s:10:\"2025-12-30\";i:30;s:10:\"2025-12-31\";i:31;s:10:\"2026-01-01\";i:32;s:10:\"2026-01-02\";i:33;s:10:\"2026-01-03\";i:34;s:10:\"2026-01-04\";i:35;s:10:\"2026-01-05\";i:36;s:10:\"2026-01-06\";i:37;s:10:\"2026-01-07\";}',1,3,NULL,NULL,'2025-11-18 15:39:00','2025-11-20 14:38:29'),(142,18,1,'2025-11-24','2025-11-24',2,0,NULL,'2025-11-21',NULL,'a:49:{i:0;s:10:\"2025-05-06\";i:1;s:10:\"2025-02-17\";i:2;s:10:\"2025-02-18\";i:3;s:10:\"2025-02-19\";i:4;s:10:\"2025-02-20\";i:5;s:10:\"2025-02-21\";i:6;s:10:\"2025-02-22\";i:7;s:10:\"2025-02-23\";i:8;s:10:\"2025-02-24\";i:9;s:10:\"2025-02-25\";i:10;s:10:\"2025-02-26\";i:11;s:10:\"2025-05-08\";i:12;s:10:\"2025-05-30\";i:13;s:10:\"2025-06-18\";i:14;s:10:\"2025-06-30\";i:15;s:10:\"2025-07-01\";i:16;s:10:\"2025-07-02\";i:17;s:10:\"2025-07-03\";i:18;s:10:\"2025-07-04\";i:19;s:10:\"2025-07-05\";i:20;s:10:\"2025-07-06\";i:21;s:10:\"2025-07-07\";i:22;s:10:\"2025-07-09\";i:23;s:10:\"2025-07-10\";i:24;s:10:\"2025-07-11\";i:25;s:10:\"2025-07-12\";i:26;s:10:\"2025-07-13\";i:27;s:10:\"2025-07-14\";i:28;s:10:\"2025-07-15\";i:29;s:10:\"2025-07-16\";i:30;s:10:\"2025-08-01\";i:31;s:10:\"2025-08-07\";i:32;s:10:\"2025-08-08\";i:33;s:10:\"2025-08-06\";i:34;s:10:\"2025-08-14\";i:35;s:10:\"2025-09-12\";i:36;s:10:\"2025-10-03\";i:37;s:10:\"2025-10-20\";i:38;s:10:\"2025-10-21\";i:39;s:10:\"2025-10-22\";i:40;s:10:\"2025-10-23\";i:41;s:10:\"2025-10-24\";i:42;s:10:\"2025-10-25\";i:43;s:10:\"2025-10-26\";i:44;s:10:\"2025-10-27\";i:45;s:10:\"2025-10-28\";i:46;s:10:\"2025-10-29\";i:47;s:10:\"2025-10-30\";i:48;s:10:\"2025-10-31\";}',1,3,NULL,NULL,'2025-11-21 13:55:42','2025-11-27 13:15:33'),(143,14,3,'2025-12-17','2025-12-19',1,0,NULL,'2025-11-24',NULL,'a:18:{i:0;s:10:\"2025-02-17\";i:1;s:10:\"2025-02-18\";i:2;s:10:\"2025-04-10\";i:3;s:10:\"2025-04-11\";i:4;s:10:\"2025-04-30\";i:5;s:10:\"2025-05-02\";i:6;s:10:\"2025-05-15\";i:7;s:10:\"2025-05-28\";i:8;s:10:\"2025-05-30\";i:9;s:10:\"2025-06-12\";i:10;s:10:\"2025-06-13\";i:11;s:10:\"2025-06-17\";i:12;s:10:\"2025-11-14\";i:13;s:10:\"2025-11-15\";i:14;s:10:\"2025-11-16\";i:15;s:10:\"2025-11-17\";i:16;s:10:\"2025-11-18\";i:17;s:10:\"2025-11-19\";}',0,3,NULL,NULL,'2025-11-24 08:38:33','2025-12-01 11:01:27'),(144,25,3,'2026-01-19','2026-01-19',1,0,NULL,'2025-11-24',NULL,'a:1:{i:0;s:10:\"2025-11-24\";}',1,3,NULL,NULL,'2025-11-24 14:02:58','2025-11-25 14:42:16'),(145,24,3,'2025-12-22','2025-12-23',1,0,NULL,'2025-11-26',NULL,'a:39:{i:0;s:10:\"2025-04-17\";i:1;s:10:\"2025-04-18\";i:2;s:10:\"2025-04-19\";i:3;s:10:\"2025-04-20\";i:4;s:10:\"2025-04-21\";i:5;s:10:\"2025-04-22\";i:6;s:10:\"2025-05-05\";i:7;s:10:\"2025-05-06\";i:8;s:10:\"2025-05-07\";i:9;s:10:\"2025-05-08\";i:10;s:10:\"2025-05-09\";i:11;s:10:\"2025-05-30\";i:12;s:10:\"2025-07-07\";i:13;s:10:\"2025-07-08\";i:14;s:10:\"2025-07-09\";i:15;s:10:\"2025-07-10\";i:16;s:10:\"2025-07-11\";i:17;s:10:\"2025-07-12\";i:18;s:10:\"2025-07-13\";i:19;s:10:\"2025-07-14\";i:20;s:10:\"2025-07-15\";i:21;s:10:\"2025-07-16\";i:22;s:10:\"2025-07-17\";i:23;s:10:\"2025-07-18\";i:24;s:10:\"2025-07-28\";i:25;s:10:\"2025-07-29\";i:26;s:10:\"2025-08-15\";i:27;s:10:\"2025-08-16\";i:28;s:10:\"2025-08-17\";i:29;s:10:\"2025-08-18\";i:30;s:10:\"2025-08-26\";i:31;s:10:\"2025-10-20\";i:32;s:10:\"2025-10-21\";i:33;s:10:\"2025-10-22\";i:34;s:10:\"2025-10-23\";i:35;s:10:\"2025-10-24\";i:36;s:10:\"2025-10-25\";i:37;s:10:\"2025-10-26\";i:38;s:10:\"2025-10-27\";}',1,3,NULL,NULL,'2025-11-26 10:04:50','2025-11-27 13:15:36'),(146,24,3,'2025-12-29','2025-12-30',1,0,NULL,'2025-11-26',NULL,'a:41:{i:0;s:10:\"2025-04-17\";i:1;s:10:\"2025-04-18\";i:2;s:10:\"2025-04-19\";i:3;s:10:\"2025-04-20\";i:4;s:10:\"2025-04-21\";i:5;s:10:\"2025-04-22\";i:6;s:10:\"2025-05-05\";i:7;s:10:\"2025-05-06\";i:8;s:10:\"2025-05-07\";i:9;s:10:\"2025-05-08\";i:10;s:10:\"2025-05-09\";i:11;s:10:\"2025-05-30\";i:12;s:10:\"2025-07-07\";i:13;s:10:\"2025-07-08\";i:14;s:10:\"2025-07-09\";i:15;s:10:\"2025-07-10\";i:16;s:10:\"2025-07-11\";i:17;s:10:\"2025-07-12\";i:18;s:10:\"2025-07-13\";i:19;s:10:\"2025-07-14\";i:20;s:10:\"2025-07-15\";i:21;s:10:\"2025-07-16\";i:22;s:10:\"2025-07-17\";i:23;s:10:\"2025-07-18\";i:24;s:10:\"2025-07-28\";i:25;s:10:\"2025-07-29\";i:26;s:10:\"2025-08-15\";i:27;s:10:\"2025-08-16\";i:28;s:10:\"2025-08-17\";i:29;s:10:\"2025-08-18\";i:30;s:10:\"2025-08-26\";i:31;s:10:\"2025-10-20\";i:32;s:10:\"2025-10-21\";i:33;s:10:\"2025-10-22\";i:34;s:10:\"2025-10-23\";i:35;s:10:\"2025-10-24\";i:36;s:10:\"2025-10-25\";i:37;s:10:\"2025-10-26\";i:38;s:10:\"2025-10-27\";i:39;s:10:\"2025-12-22\";i:40;s:10:\"2025-12-23\";}',1,3,NULL,NULL,'2025-11-26 10:05:10','2025-11-27 13:15:38'),(147,18,3,'2025-12-22','2026-01-06',1,1,NULL,'2025-11-27',NULL,'a:50:{i:0;s:10:\"2025-05-06\";i:1;s:10:\"2025-02-17\";i:2;s:10:\"2025-02-18\";i:3;s:10:\"2025-02-19\";i:4;s:10:\"2025-02-20\";i:5;s:10:\"2025-02-21\";i:6;s:10:\"2025-02-22\";i:7;s:10:\"2025-02-23\";i:8;s:10:\"2025-02-24\";i:9;s:10:\"2025-02-25\";i:10;s:10:\"2025-02-26\";i:11;s:10:\"2025-05-08\";i:12;s:10:\"2025-05-30\";i:13;s:10:\"2025-06-18\";i:14;s:10:\"2025-06-30\";i:15;s:10:\"2025-07-01\";i:16;s:10:\"2025-07-02\";i:17;s:10:\"2025-07-03\";i:18;s:10:\"2025-07-04\";i:19;s:10:\"2025-07-05\";i:20;s:10:\"2025-07-06\";i:21;s:10:\"2025-07-07\";i:22;s:10:\"2025-07-09\";i:23;s:10:\"2025-07-10\";i:24;s:10:\"2025-07-11\";i:25;s:10:\"2025-07-12\";i:26;s:10:\"2025-07-13\";i:27;s:10:\"2025-07-14\";i:28;s:10:\"2025-07-15\";i:29;s:10:\"2025-07-16\";i:30;s:10:\"2025-08-01\";i:31;s:10:\"2025-08-07\";i:32;s:10:\"2025-08-08\";i:33;s:10:\"2025-08-06\";i:34;s:10:\"2025-08-14\";i:35;s:10:\"2025-09-12\";i:36;s:10:\"2025-10-03\";i:37;s:10:\"2025-10-20\";i:38;s:10:\"2025-10-21\";i:39;s:10:\"2025-10-22\";i:40;s:10:\"2025-10-23\";i:41;s:10:\"2025-10-24\";i:42;s:10:\"2025-10-25\";i:43;s:10:\"2025-10-26\";i:44;s:10:\"2025-10-27\";i:45;s:10:\"2025-10-28\";i:46;s:10:\"2025-10-29\";i:47;s:10:\"2025-10-30\";i:48;s:10:\"2025-10-31\";i:49;s:10:\"2025-11-24\";}',0,3,NULL,NULL,'2025-11-27 14:02:05','2025-12-01 09:17:03'),(148,19,3,'2025-12-19','2025-12-19',1,0,NULL,'2025-11-27',NULL,'a:20:{i:0;s:10:\"2025-03-07\";i:1;s:10:\"2025-03-13\";i:2;s:10:\"2025-03-14\";i:3;s:10:\"2025-03-17\";i:4;s:10:\"2025-04-30\";i:5;s:10:\"2025-05-30\";i:6;s:10:\"2025-05-02\";i:7;s:10:\"2025-04-10\";i:8;s:10:\"2025-05-23\";i:9;s:10:\"2025-06-16\";i:10;s:10:\"2025-06-17\";i:11;s:10:\"2025-06-18\";i:12;s:10:\"2025-06-11\";i:13;s:10:\"2025-06-12\";i:14;s:10:\"2025-06-13\";i:15;s:10:\"2025-10-30\";i:16;s:10:\"2025-10-31\";i:17;s:10:\"2025-10-10\";i:18;s:10:\"2025-10-28\";i:19;s:10:\"2025-11-21\";}',1,3,NULL,NULL,'2025-11-27 14:19:12','2025-12-01 09:16:27'),(149,12,2,'2025-11-28','2025-11-28',1,0,NULL,'2025-11-28',NULL,'a:42:{i:0;s:10:\"2025-04-15\";i:1;s:10:\"2025-04-16\";i:2;s:10:\"2025-04-17\";i:3;s:10:\"2025-04-18\";i:4;s:10:\"2025-04-19\";i:5;s:10:\"2025-04-20\";i:6;s:10:\"2025-04-21\";i:7;s:10:\"2025-04-22\";i:8;s:10:\"2025-03-14\";i:9;s:10:\"2025-05-30\";i:10;s:10:\"2025-06-12\";i:11;s:10:\"2025-07-31\";i:12;s:10:\"2025-08-01\";i:13;s:10:\"2025-08-02\";i:14;s:10:\"2025-08-03\";i:15;s:10:\"2025-08-04\";i:16;s:10:\"2025-08-05\";i:17;s:10:\"2025-08-06\";i:18;s:10:\"2025-08-07\";i:19;s:10:\"2025-08-08\";i:20;s:10:\"2025-08-09\";i:21;s:10:\"2025-08-10\";i:22;s:10:\"2025-08-11\";i:23;s:10:\"2025-08-12\";i:24;s:10:\"2025-08-13\";i:25;s:10:\"2025-08-14\";i:26;s:10:\"2025-08-15\";i:27;s:10:\"2025-08-16\";i:28;s:10:\"2025-08-17\";i:29;s:10:\"2025-08-18\";i:30;s:10:\"2025-08-19\";i:31;s:10:\"2025-08-20\";i:32;s:10:\"2025-08-21\";i:33;s:10:\"2025-08-22\";i:34;s:10:\"2025-07-11\";i:35;s:10:\"2025-07-18\";i:36;s:10:\"2025-07-30\";i:37;s:10:\"2025-09-23\";i:38;s:10:\"2025-12-22\";i:39;s:10:\"2025-12-23\";i:40;s:10:\"2025-12-29\";i:41;s:10:\"2025-12-30\";}',0,3,NULL,NULL,'2025-11-28 08:33:16','2025-12-01 11:01:30'),(150,21,2,'2025-11-28','2025-11-28',2,0,NULL,'2025-11-28',NULL,'a:49:{i:0;s:10:\"2025-02-21\";i:1;s:10:\"2025-02-06\";i:2;s:10:\"2025-02-07\";i:3;s:10:\"2025-05-02\";i:4;s:10:\"2025-05-03\";i:5;s:10:\"2025-05-04\";i:6;s:10:\"2025-05-05\";i:7;s:10:\"2025-05-26\";i:8;s:10:\"2025-05-27\";i:9;s:10:\"2025-05-28\";i:10;s:10:\"2025-05-29\";i:11;s:10:\"2025-05-30\";i:12;s:10:\"2025-05-23\";i:13;s:10:\"2025-06-26\";i:14;s:10:\"2025-07-21\";i:15;s:10:\"2025-07-22\";i:16;s:10:\"2025-07-23\";i:17;s:10:\"2025-07-24\";i:18;s:10:\"2025-07-25\";i:19;s:10:\"2025-07-26\";i:20;s:10:\"2025-07-27\";i:21;s:10:\"2025-07-28\";i:22;s:10:\"2025-07-29\";i:23;s:10:\"2025-07-30\";i:24;s:10:\"2025-07-31\";i:25;s:10:\"2025-08-01\";i:26;s:10:\"2025-08-02\";i:27;s:10:\"2025-08-03\";i:28;s:10:\"2025-08-04\";i:29;s:10:\"2025-08-05\";i:30;s:10:\"2025-08-27\";i:31;s:10:\"2025-07-14\";i:32;s:10:\"2025-07-15\";i:33;s:10:\"2025-07-16\";i:34;s:10:\"2025-08-07\";i:35;s:10:\"2025-08-08\";i:36;s:10:\"2025-08-09\";i:37;s:10:\"2025-08-10\";i:38;s:10:\"2025-08-11\";i:39;s:10:\"2025-08-26\";i:40;s:10:\"2025-10-13\";i:41;s:10:\"2025-10-14\";i:42;s:10:\"2025-11-03\";i:43;s:10:\"2025-11-04\";i:44;s:10:\"2025-11-05\";i:45;s:10:\"2025-11-06\";i:46;s:10:\"2025-11-07\";i:47;s:10:\"2025-10-31\";i:48;s:10:\"2025-12-01\";}',0,3,NULL,NULL,'2025-11-28 08:42:20','2025-12-01 09:17:07'),(151,17,3,'2025-12-08','2025-12-08',1,0,NULL,'2025-12-01',NULL,'a:21:{i:0;s:10:\"2025-05-19\";i:1;s:10:\"2025-05-20\";i:2;s:10:\"2025-05-21\";i:3;s:10:\"2025-06-09\";i:4;s:10:\"2025-06-10\";i:5;s:10:\"2025-06-11\";i:6;s:10:\"2025-06-12\";i:7;s:10:\"2025-06-13\";i:8;s:10:\"2025-06-16\";i:9;s:10:\"2025-06-17\";i:10;s:10:\"2025-06-18\";i:11;s:10:\"2025-05-30\";i:12;s:10:\"2025-10-13\";i:13;s:10:\"2025-10-14\";i:14;s:10:\"2025-10-15\";i:15;s:10:\"2025-10-16\";i:16;s:10:\"2025-10-17\";i:17;s:10:\"2025-11-21\";i:18;s:10:\"2025-11-24\";i:19;s:10:\"2025-11-14\";i:20;s:10:\"2025-11-11\";}',0,3,NULL,NULL,'2025-12-01 09:30:04','2025-12-01 11:33:23'),(153,25,3,'2025-12-22','2025-12-30',1,1,NULL,'2025-12-01',NULL,'a:7:{i:0;s:10:\"2025-11-24\";i:1;s:10:\"2026-01-19\";i:2;s:10:\"2026-01-02\";i:3;s:10:\"2026-01-03\";i:4;s:10:\"2026-01-04\";i:5;s:10:\"2026-01-05\";i:6;s:10:\"2026-01-06\";}',0,3,NULL,NULL,'2025-12-01 09:49:42','2025-12-01 11:33:26'),(156,17,3,'2025-12-12','2025-12-12',2,0,NULL,'2025-12-01',NULL,'a:23:{i:0;s:10:\"2025-05-19\";i:1;s:10:\"2025-05-20\";i:2;s:10:\"2025-05-21\";i:3;s:10:\"2025-06-09\";i:4;s:10:\"2025-06-10\";i:5;s:10:\"2025-06-11\";i:6;s:10:\"2025-06-12\";i:7;s:10:\"2025-06-13\";i:8;s:10:\"2025-06-16\";i:9;s:10:\"2025-06-17\";i:10;s:10:\"2025-06-18\";i:11;s:10:\"2025-05-30\";i:12;s:10:\"2025-10-13\";i:13;s:10:\"2025-10-14\";i:14;s:10:\"2025-10-15\";i:15;s:10:\"2025-10-16\";i:16;s:10:\"2025-10-17\";i:17;s:10:\"2025-11-21\";i:18;s:10:\"2025-11-24\";i:19;s:10:\"2025-11-14\";i:20;s:10:\"2025-11-11\";i:21;s:10:\"2025-12-08\";i:22;s:10:\"2025-12-05\";}',0,3,NULL,NULL,'2025-12-01 14:39:49','2025-12-01 14:40:05'),(157,17,3,'2025-12-05','2025-12-05',2,0,NULL,'2025-12-01',NULL,'a:23:{i:0;s:10:\"2025-05-19\";i:1;s:10:\"2025-05-20\";i:2;s:10:\"2025-05-21\";i:3;s:10:\"2025-06-09\";i:4;s:10:\"2025-06-10\";i:5;s:10:\"2025-06-11\";i:6;s:10:\"2025-06-12\";i:7;s:10:\"2025-06-13\";i:8;s:10:\"2025-06-16\";i:9;s:10:\"2025-06-17\";i:10;s:10:\"2025-06-18\";i:11;s:10:\"2025-05-30\";i:12;s:10:\"2025-10-13\";i:13;s:10:\"2025-10-14\";i:14;s:10:\"2025-10-15\";i:15;s:10:\"2025-10-16\";i:16;s:10:\"2025-10-17\";i:17;s:10:\"2025-11-21\";i:18;s:10:\"2025-11-24\";i:19;s:10:\"2025-11-14\";i:20;s:10:\"2025-11-11\";i:21;s:10:\"2025-12-08\";i:22;s:10:\"2025-12-12\";}',0,3,NULL,NULL,'2025-12-01 15:36:53','2025-12-02 14:01:49'),(158,14,3,'2025-12-12','2025-12-12',1,0,NULL,'2025-12-01',NULL,'a:21:{i:0;s:10:\"2025-02-17\";i:1;s:10:\"2025-02-18\";i:2;s:10:\"2025-04-10\";i:3;s:10:\"2025-04-11\";i:4;s:10:\"2025-04-30\";i:5;s:10:\"2025-05-02\";i:6;s:10:\"2025-05-15\";i:7;s:10:\"2025-05-28\";i:8;s:10:\"2025-05-30\";i:9;s:10:\"2025-06-12\";i:10;s:10:\"2025-06-13\";i:11;s:10:\"2025-06-17\";i:12;s:10:\"2025-11-14\";i:13;s:10:\"2025-11-15\";i:14;s:10:\"2025-11-16\";i:15;s:10:\"2025-11-17\";i:16;s:10:\"2025-11-18\";i:17;s:10:\"2025-11-19\";i:18;s:10:\"2025-12-17\";i:19;s:10:\"2025-12-18\";i:20;s:10:\"2025-12-19\";}',0,3,NULL,NULL,'2025-12-01 15:41:19','2025-12-01 15:44:58'),(159,17,2,'2025-12-03','2025-12-03',2,0,NULL,'2025-12-01',NULL,'a:24:{i:0;s:10:\"2025-05-19\";i:1;s:10:\"2025-05-20\";i:2;s:10:\"2025-05-21\";i:3;s:10:\"2025-06-09\";i:4;s:10:\"2025-06-10\";i:5;s:10:\"2025-06-11\";i:6;s:10:\"2025-06-12\";i:7;s:10:\"2025-06-13\";i:8;s:10:\"2025-06-16\";i:9;s:10:\"2025-06-17\";i:10;s:10:\"2025-06-18\";i:11;s:10:\"2025-05-30\";i:12;s:10:\"2025-10-13\";i:13;s:10:\"2025-10-14\";i:14;s:10:\"2025-10-15\";i:15;s:10:\"2025-10-16\";i:16;s:10:\"2025-10-17\";i:17;s:10:\"2025-11-21\";i:18;s:10:\"2025-11-24\";i:19;s:10:\"2025-11-14\";i:20;s:10:\"2025-11-11\";i:21;s:10:\"2025-12-08\";i:22;s:10:\"2025-12-12\";i:23;s:10:\"2025-12-05\";}',0,3,NULL,NULL,'2025-12-01 15:53:06','2025-12-02 14:01:51'),(160,17,1,'2025-12-09','2025-12-09',2,0,NULL,'2025-12-01',NULL,'a:25:{i:0;s:10:\"2025-05-19\";i:1;s:10:\"2025-05-20\";i:2;s:10:\"2025-05-21\";i:3;s:10:\"2025-06-09\";i:4;s:10:\"2025-06-10\";i:5;s:10:\"2025-06-11\";i:6;s:10:\"2025-06-12\";i:7;s:10:\"2025-06-13\";i:8;s:10:\"2025-06-16\";i:9;s:10:\"2025-06-17\";i:10;s:10:\"2025-06-18\";i:11;s:10:\"2025-05-30\";i:12;s:10:\"2025-10-13\";i:13;s:10:\"2025-10-14\";i:14;s:10:\"2025-10-15\";i:15;s:10:\"2025-10-16\";i:16;s:10:\"2025-10-17\";i:17;s:10:\"2025-11-21\";i:18;s:10:\"2025-11-24\";i:19;s:10:\"2025-11-14\";i:20;s:10:\"2025-11-11\";i:21;s:10:\"2025-12-08\";i:22;s:10:\"2025-12-12\";i:23;s:10:\"2025-12-05\";i:24;s:10:\"2025-12-03\";}',0,3,NULL,NULL,'2025-12-01 15:55:39','2025-12-02 14:01:53');
/*!40000 ALTER TABLE `leaves` ENABLE KEYS */;
UNLOCK TABLES;

--
-- Table structure for table `migrations`
--

DROP TABLE IF EXISTS `migrations`;
/*!40101 SET @saved_cs_client     = @@character_set_client */;
/*!50503 SET character_set_client = utf8mb4 */;
CREATE TABLE `migrations` (
  `id` int unsigned NOT NULL AUTO_INCREMENT,
  `migration` varchar(255) COLLATE utf8mb4_unicode_ci NOT NULL,
  `batch` int NOT NULL,
  PRIMARY KEY (`id`)
) ENGINE=InnoDB AUTO_INCREMENT=43 DEFAULT CHARSET=utf8mb4 COLLATE=utf8mb4_unicode_ci ROW_FORMAT=DYNAMIC;
/*!40101 SET character_set_client = @saved_cs_client */;

--
-- Dumping data for table `migrations`
--

LOCK TABLES `migrations` WRITE;
/*!40000 ALTER TABLE `migrations` DISABLE KEYS */;
INSERT INTO `migrations` VALUES (1,'2014_10_12_100000_create_password_resets_table',1),(2,'2019_08_19_000000_create_failed_jobs_table',1),(3,'2019_12_14_000001_create_personal_access_tokens_table',1),(4,'2022_08_29_130724_create_departments_table',1),(5,'2022_08_29_132035_create_employees_table',1),(6,'2022_08_29_133831_create_leaves_table',1),(7,'2022_08_30_085805_create_leave_types_table',1),(8,'2022_08_30_093916_create_permission_tables',1),(9,'2022_08_30_094301_add_foreign_keys_to_leaves_table',1),(10,'2022_08_30_104530_add_password_to_employees_table',1),(11,'2022_08_30_110718_add_cancellation_reason_to_leaves_table',1),(12,'2022_09_01_175057_add_foreign_key_to_departments_table',1),(13,'2022_09_05_183800_add_substitute_employee_id_to_leaves_table',1),(14,'2022_09_10_083421_create_jobs_table',1),(15,'2022_09_19_100903_create_leave_durations_table',1),(16,'2022_09_19_102127_add_leave_durations_foreign_key_to_leaves_table',1),(17,'2022_09_21_151352_add_disabled_dates_to_leaves_table',1),(18,'2022_09_24_125724_create_overtimes_table',1),(19,'2022_09_26_160457_create_blocked_days_table',1),(20,'2022_09_26_160457_create_holidays_table',1),(21,'2022_09_28_204716_add_display_name_to_roles_table',1),(22,'2022_09_29_100618_add_is_supervisor_to_employees_table',1),(23,'2022_10_26_125212_create_confessionnels_table',1),(24,'2022_11_20_092501_add_mix_of_leaves_to_leaves_table',1),(25,'2022_11_20_140746_create_notifications_table',1),(26,'2022_12_21_152504_edit_employees_set_nb_of_days_default_value',1),(27,'2022_12_21_152734_edit_employees_set_confessionnels_default_value',1),(28,'2022_12_22_235742_edit_overtimes_hours_table',1),(29,'2023_01_05_010633_add_rejected_by_column_to_leaves_table',1),(30,'2023_01_05_013939_add_rejected_by_column_to_overtimes_table',1),(31,'2023_01_24_152025_add_profile_photo_to_employees_table',1),(32,'2023_02_10_145301_create_notifications_group_table',1),(33,'2023_02_10_150507_add_notifications_group_id_to_notifications_table',1),(34,'2023_02_11_152431_add_can_submit_requests_to_employees_table',1),(35,'2023_02_15_215633_add_overtime_minutes_to_employees_table',1),(36,'2023_03_23_144537_add_weekdays_off_to_employees_table',1),(37,'2023_09_17_192115_add_abbreviation_to_leave_types_table',1),(38,'2025_01_02_001905_remove_confessionnels_from_employees_table',1),(39,'2025_01_02_002028_remove_use_confessionnels_from_leaves_table',1),(40,'2025_01_02_002138_drop_confessionnels_table',1),(41,'2025_01_02_002220_remove_mix_of_leaves_from_leaves_table',1),(42,'2025_02_01_001453_add_bypass_officers_to_employees_table',2);
/*!40000 ALTER TABLE `migrations` ENABLE KEYS */;
UNLOCK TABLES;

--
-- Table structure for table `model_has_permissions`
--

DROP TABLE IF EXISTS `model_has_permissions`;
/*!40101 SET @saved_cs_client     = @@character_set_client */;
/*!50503 SET character_set_client = utf8mb4 */;
CREATE TABLE `model_has_permissions` (
  `permission_id` bigint unsigned NOT NULL,
  `model_type` varchar(255) COLLATE utf8mb4_unicode_ci NOT NULL,
  `model_id` bigint unsigned NOT NULL,
  PRIMARY KEY (`permission_id`,`model_id`,`model_type`),
  KEY `model_has_permissions_model_id_model_type_index` (`model_id`,`model_type`),
  CONSTRAINT `model_has_permissions_permission_id_foreign` FOREIGN KEY (`permission_id`) REFERENCES `permissions` (`id`) ON DELETE CASCADE
) ENGINE=InnoDB DEFAULT CHARSET=utf8mb4 COLLATE=utf8mb4_unicode_ci ROW_FORMAT=DYNAMIC;
/*!40101 SET character_set_client = @saved_cs_client */;

--
-- Dumping data for table `model_has_permissions`
--

LOCK TABLES `model_has_permissions` WRITE;
/*!40000 ALTER TABLE `model_has_permissions` DISABLE KEYS */;
/*!40000 ALTER TABLE `model_has_permissions` ENABLE KEYS */;
UNLOCK TABLES;

--
-- Table structure for table `model_has_roles`
--

DROP TABLE IF EXISTS `model_has_roles`;
/*!40101 SET @saved_cs_client     = @@character_set_client */;
/*!50503 SET character_set_client = utf8mb4 */;
CREATE TABLE `model_has_roles` (
  `role_id` bigint unsigned NOT NULL,
  `model_type` varchar(255) COLLATE utf8mb4_unicode_ci NOT NULL,
  `model_id` bigint unsigned NOT NULL,
  PRIMARY KEY (`role_id`,`model_id`,`model_type`),
  KEY `model_has_roles_model_id_model_type_index` (`model_id`,`model_type`),
  CONSTRAINT `model_has_roles_role_id_foreign` FOREIGN KEY (`role_id`) REFERENCES `roles` (`id`) ON DELETE CASCADE
) ENGINE=InnoDB DEFAULT CHARSET=utf8mb4 COLLATE=utf8mb4_unicode_ci ROW_FORMAT=DYNAMIC;
/*!40101 SET character_set_client = @saved_cs_client */;

--
-- Dumping data for table `model_has_roles`
--

LOCK TABLES `model_has_roles` WRITE;
/*!40000 ALTER TABLE `model_has_roles` DISABLE KEYS */;
INSERT INTO `model_has_roles` VALUES (1,'App\\Models\\Employee',1),(1,'App\\Models\\Employee',2),(1,'App\\Models\\Employee',3),(1,'App\\Models\\Employee',4),(2,'App\\Models\\Employee',5),(3,'App\\Models\\Employee',6),(1,'App\\Models\\Employee',7),(1,'App\\Models\\Employee',8),(4,'App\\Models\\Employee',9),(2,'App\\Models\\Employee',10),(1,'App\\Models\\Employee',11),(1,'App\\Models\\Employee',12),(1,'App\\Models\\Employee',13),(1,'App\\Models\\Employee',14),(1,'App\\Models\\Employee',15),(1,'App\\Models\\Employee',16),(1,'App\\Models\\Employee',17),(1,'App\\Models\\Employee',18),(1,'App\\Models\\Employee',19),(1,'App\\Models\\Employee',20),(1,'App\\Models\\Employee',21),(1,'App\\Models\\Employee',22),(1,'App\\Models\\Employee',23),(1,'App\\Models\\Employee',24),(1,'App\\Models\\Employee',25);
/*!40000 ALTER TABLE `model_has_roles` ENABLE KEYS */;
UNLOCK TABLES;

--
-- Table structure for table `notifications`
--

DROP TABLE IF EXISTS `notifications`;
/*!40101 SET @saved_cs_client     = @@character_set_client */;
/*!50503 SET character_set_client = utf8mb4 */;
CREATE TABLE `notifications` (
  `id` char(36) COLLATE utf8mb4_unicode_ci NOT NULL,
  `type` varchar(255) COLLATE utf8mb4_unicode_ci NOT NULL,
  `notifiable_type` varchar(255) COLLATE utf8mb4_unicode_ci NOT NULL,
  `notifiable_id` bigint unsigned NOT NULL,
  `data` text COLLATE utf8mb4_unicode_ci NOT NULL,
  `notifications_group_id` bigint unsigned DEFAULT NULL,
  `read_at` timestamp NULL DEFAULT NULL,
  `created_at` timestamp NULL DEFAULT NULL,
  `updated_at` timestamp NULL DEFAULT NULL,
  PRIMARY KEY (`id`),
  KEY `notifications_notifiable_type_notifiable_id_index` (`notifiable_type`,`notifiable_id`),
  KEY `notifications_notifications_group_id_foreign` (`notifications_group_id`),
  CONSTRAINT `notifications_notifications_group_id_foreign` FOREIGN KEY (`notifications_group_id`) REFERENCES `notifications_groups` (`id`) ON DELETE CASCADE
) ENGINE=InnoDB DEFAULT CHARSET=utf8mb4 COLLATE=utf8mb4_unicode_ci ROW_FORMAT=DYNAMIC;
/*!40101 SET character_set_client = @saved_cs_client */;

--
-- Dumping data for table `notifications`
--

LOCK TABLES `notifications` WRITE;
/*!40000 ALTER TABLE `notifications` DISABLE KEYS */;
/*!40000 ALTER TABLE `notifications` ENABLE KEYS */;
UNLOCK TABLES;

--
-- Table structure for table `notifications_groups`
--

DROP TABLE IF EXISTS `notifications_groups`;
/*!40101 SET @saved_cs_client     = @@character_set_client */;
/*!50503 SET character_set_client = utf8mb4 */;
CREATE TABLE `notifications_groups` (
  `id` bigint unsigned NOT NULL AUTO_INCREMENT,
  `title` text COLLATE utf8mb4_unicode_ci NOT NULL,
  `body` text COLLATE utf8mb4_unicode_ci NOT NULL,
  `created_at` timestamp NULL DEFAULT NULL,
  `updated_at` timestamp NULL DEFAULT NULL,
  PRIMARY KEY (`id`)
) ENGINE=InnoDB DEFAULT CHARSET=utf8mb4 COLLATE=utf8mb4_unicode_ci ROW_FORMAT=DYNAMIC;
/*!40101 SET character_set_client = @saved_cs_client */;

--
-- Dumping data for table `notifications_groups`
--

LOCK TABLES `notifications_groups` WRITE;
/*!40000 ALTER TABLE `notifications_groups` DISABLE KEYS */;
/*!40000 ALTER TABLE `notifications_groups` ENABLE KEYS */;
UNLOCK TABLES;

--
-- Table structure for table `overtimes`
--

DROP TABLE IF EXISTS `overtimes`;
/*!40101 SET @saved_cs_client     = @@character_set_client */;
/*!50503 SET character_set_client = utf8mb4 */;
CREATE TABLE `overtimes` (
  `id` bigint unsigned NOT NULL AUTO_INCREMENT,
  `employee_id` bigint unsigned NOT NULL,
  `date` date NOT NULL,
  `from` time NOT NULL,
  `to` time NOT NULL,
  `hours` time NOT NULL,
  `objective` varchar(255) COLLATE utf8mb4_unicode_ci DEFAULT NULL,
  `date_of_submission` date NOT NULL DEFAULT '2025-01-12',
  `overtime_status` int NOT NULL DEFAULT '0',
  `processing_officer_role` bigint unsigned DEFAULT NULL,
  `rejected_by` bigint unsigned DEFAULT NULL,
  `cancellation_reason` varchar(255) COLLATE utf8mb4_unicode_ci DEFAULT NULL,
  `created_at` timestamp NULL DEFAULT NULL,
  `updated_at` timestamp NULL DEFAULT NULL,
  PRIMARY KEY (`id`),
  KEY `overtimes_employee_id_foreign` (`employee_id`),
  KEY `overtimes_processing_officer_role_foreign` (`processing_officer_role`),
  KEY `overtimes_rejected_by_foreign` (`rejected_by`),
  CONSTRAINT `overtimes_employee_id_foreign` FOREIGN KEY (`employee_id`) REFERENCES `employees` (`id`) ON DELETE CASCADE ON UPDATE CASCADE,
  CONSTRAINT `overtimes_processing_officer_role_foreign` FOREIGN KEY (`processing_officer_role`) REFERENCES `roles` (`id`) ON DELETE CASCADE ON UPDATE CASCADE,
  CONSTRAINT `overtimes_rejected_by_foreign` FOREIGN KEY (`rejected_by`) REFERENCES `employees` (`id`) ON DELETE SET NULL ON UPDATE CASCADE
) ENGINE=InnoDB AUTO_INCREMENT=154 DEFAULT CHARSET=utf8mb4 COLLATE=utf8mb4_unicode_ci ROW_FORMAT=DYNAMIC;
/*!40101 SET character_set_client = @saved_cs_client */;

--
-- Dumping data for table `overtimes`
--

LOCK TABLES `overtimes` WRITE;
/*!40000 ALTER TABLE `overtimes` DISABLE KEYS */;
INSERT INTO `overtimes` VALUES (3,21,'2025-03-27','19:00:00','21:00:00','03:30:00','Conférence à l\'Alliance française de Lund-Malmö','2025-03-04',1,3,NULL,NULL,'2025-03-04 15:15:12','2025-05-26 12:44:39'),(5,18,'2025-02-19','18:00:00','21:30:00','06:00:00','dîner vernissage Bonnard','2025-03-04',1,3,NULL,NULL,'2025-03-04 16:45:49','2025-05-26 12:46:20'),(6,18,'2025-02-20','12:30:00','14:30:00','00:00:00','déjeûner Bonnard / NM résidence','2025-03-04',1,3,NULL,NULL,'2025-03-04 16:45:49','2025-05-26 12:46:14'),(8,19,'2025-03-05','17:00:00','20:00:00','04:30:00','Aide au Buffet de la Francophonie','2025-03-06',1,3,NULL,NULL,'2025-03-06 13:28:39','2025-05-16 09:11:00'),(9,23,'2025-03-05','17:00:00','20:00:00','04:30:00','Buffet de la Francophonie','2025-03-06',1,3,NULL,NULL,'2025-03-06 13:36:24','2025-05-26 12:42:21'),(10,17,'2025-02-12','08:30:00','09:00:00','00:45:00','Formation renouvellement DELF','2025-03-07',1,3,NULL,NULL,'2025-03-07 15:15:09','2025-05-26 12:46:29'),(11,17,'2025-02-12','17:00:00','18:00:00','01:30:00','Formation renouvellement DELF','2025-03-07',1,3,NULL,NULL,'2025-03-07 15:15:09','2025-05-26 12:46:33'),(12,17,'2025-02-26','08:30:00','09:00:00','00:45:00','Formation renouvellement DELF','2025-03-07',1,3,NULL,NULL,'2025-03-07 15:15:09','2025-05-26 12:46:58'),(13,17,'2025-02-26','17:00:00','18:00:00','01:30:00','Formation renouvellement DELF','2025-03-07',1,3,NULL,NULL,'2025-03-07 15:15:09','2025-05-26 12:46:38'),(14,17,'2025-03-04','08:30:00','09:00:00','00:45:00','Réunion délégation Lindingö','2025-03-07',1,3,NULL,NULL,'2025-03-07 15:15:09','2025-05-26 12:46:42'),(15,17,'2025-03-04','17:00:00','20:00:00','04:30:00','Organisation et présentation du Film au Zita \" les gardiens de la formule\"','2025-03-07',1,3,NULL,NULL,'2025-03-07 15:15:09','2025-05-26 12:46:53'),(16,17,'2025-03-05','17:00:00','20:00:00','04:30:00','Organisation et représentation de la France pendant le buffet de la francophonie','2025-03-07',1,3,NULL,NULL,'2025-03-07 15:15:09','2025-05-26 12:46:47'),(17,21,'2025-03-10','18:30:00','20:00:00','02:15:00','Réunion mensuelle des Alliances françaises de Suède','2025-03-10',1,3,NULL,NULL,'2025-03-10 19:02:20','2025-05-26 12:44:51'),(18,18,'2025-03-13','18:00:00','19:30:00','02:15:00','The Listening Room / Ash x KKH / bourse mobilité culture','2025-03-17',1,3,NULL,NULL,'2025-03-17 12:40:16','2025-05-26 12:46:06'),(19,18,'2025-03-14','18:00:00','23:55:00','10:50:00','sprint final AAP PICC IF','2025-03-17',1,3,NULL,NULL,'2025-03-17 12:40:51','2025-05-26 12:45:59'),(20,14,'2025-02-07','17:00:00','20:00:00','04:30:00','Soirée alumni Uppsala','2025-03-25',1,3,NULL,NULL,'2025-03-25 13:40:31','2025-05-26 12:50:30'),(21,14,'2025-02-10','18:00:00','20:30:00','04:00:00','Conférence AF Falun','2025-03-25',1,3,NULL,NULL,'2025-03-25 13:41:19','2025-05-26 12:50:36'),(22,14,'2025-02-11','17:00:00','22:00:00','08:30:00','Soirée AF et soirée alumni Gävle','2025-03-25',1,3,NULL,NULL,'2025-03-25 13:42:19','2025-05-26 12:50:33'),(23,14,'2025-02-13','19:00:00','19:30:00','00:45:00','Soirée AF Östersund','2025-03-25',1,3,NULL,NULL,'2025-03-25 13:42:51','2025-05-26 12:50:39'),(24,21,'2025-03-03','17:30:00','21:00:00','05:45:00','Conférence à l\'Alliance française d\'Helsingborg','2025-03-25',1,3,NULL,NULL,'2025-03-25 13:48:29','2025-05-26 12:45:41'),(25,21,'2025-03-05','17:30:00','20:00:00','03:45:00','Buffet de la francophonie','2025-03-25',1,3,NULL,NULL,'2025-03-25 13:49:54','2025-05-26 12:45:47'),(26,12,'2025-02-07','17:30:00','20:00:00','03:45:00','Soirée alumni Uppsala','2025-03-25',1,3,NULL,NULL,'2025-03-25 13:58:52','2025-05-26 12:50:01'),(27,12,'2025-02-10','18:00:00','20:30:00','04:00:00','Conférence AF Falun TDS','2025-03-25',1,3,NULL,NULL,'2025-03-25 13:58:52','2025-05-26 12:50:05'),(28,12,'2025-02-11','17:30:00','22:00:00','07:45:00','Soirée AF Gävle TDS','2025-03-25',1,3,NULL,NULL,'2025-03-25 13:58:52','2025-05-26 12:50:09'),(29,12,'2025-02-13','19:00:00','22:00:00','05:30:00','Soirée AF Östersund TDS','2025-03-25',1,3,NULL,NULL,'2025-03-25 13:58:52','2025-05-26 12:50:12'),(30,12,'2025-02-17','18:00:00','21:00:00','05:00:00','Soirée AF Umeå TDS','2025-03-25',1,3,NULL,NULL,'2025-03-25 13:58:52','2025-05-26 12:50:16'),(31,12,'2025-02-18','17:30:00','19:30:00','03:00:00','Soirée alumni Umeå TDS','2025-03-25',1,3,NULL,NULL,'2025-03-25 13:58:52','2025-05-26 12:50:20'),(32,12,'2025-02-19','18:30:00','21:00:00','04:15:00','Soirée AF Luleå TDS','2025-03-25',1,3,NULL,NULL,'2025-03-25 13:58:52','2025-05-26 12:50:23'),(33,12,'2025-02-20','17:30:00','20:30:00','04:45:00','Soirée alumni Luleå TDS','2025-03-25',1,3,NULL,NULL,'2025-03-25 13:58:52','2025-05-26 12:50:27'),(34,21,'2025-02-10','18:30:00','20:30:00','03:15:00','Soirée AF Falun','2025-03-25',1,3,NULL,NULL,'2025-03-25 13:59:02','2025-05-26 12:45:32'),(35,21,'2025-02-11','17:30:00','19:00:00','02:15:00','Soirée AF Gävle','2025-03-25',1,3,NULL,NULL,'2025-03-25 13:59:02','2025-05-26 12:45:26'),(36,21,'2025-02-13','17:30:00','22:00:00','07:45:00','Soirée AF Östersund','2025-03-25',1,3,NULL,NULL,'2025-03-25 13:59:02','2025-05-26 12:45:21'),(37,21,'2025-02-16','09:00:00','10:00:00','02:00:00','Travail un dimanche TDS','2025-03-25',1,3,NULL,NULL,'2025-03-25 13:59:02','2025-05-26 12:45:16'),(38,21,'2025-02-16','15:00:00','20:00:00','10:00:00','Soirée AF Härnösand','2025-03-25',1,3,NULL,NULL,'2025-03-25 13:59:02','2025-05-26 12:45:10'),(39,21,'2025-02-17','17:30:00','21:00:00','05:45:00','Soirée AF Umeå','2025-03-25',1,3,NULL,NULL,'2025-03-25 13:59:02','2025-05-26 12:44:28'),(40,21,'2025-02-18','17:30:00','19:30:00','03:00:00','Soirée Alumni Umeå','2025-03-25',1,3,NULL,NULL,'2025-03-25 13:59:02','2025-05-26 12:44:21'),(41,21,'2025-02-19','17:30:00','21:00:00','05:45:00','Soirée AF Luleå','2025-03-25',1,3,NULL,NULL,'2025-03-25 13:59:02','2025-05-26 12:44:15'),(42,21,'2025-02-20','17:30:00','18:30:00','01:30:00','Soirée Alumni Luleå','2025-03-25',1,3,NULL,NULL,'2025-03-25 13:59:02','2025-05-26 12:44:10'),(52,22,'2025-03-29','10:30:00','14:30:00','08:00:00','Interview Maxime Pascal','2025-04-15',1,3,NULL,NULL,'2025-04-15 13:30:09','2025-05-26 12:42:10'),(54,22,'2025-04-05','08:00:00','12:00:00','08:00:00','Forum Français langue de l\'emploi (04/04)','2025-04-15',1,3,NULL,NULL,'2025-04-15 13:42:53','2025-05-26 12:42:28'),(55,21,'2025-04-24','17:30:00','18:30:00','01:30:00','Panel de discussion à Konstfack dans le cadre de Kulturnatt','2025-04-28',1,3,NULL,NULL,'2025-04-28 10:28:08','2025-05-26 12:44:04'),(56,21,'2025-04-25','17:30:00','20:00:00','03:45:00','Réception VIP Kulturnatt','2025-04-28',1,3,NULL,NULL,'2025-04-28 10:28:08','2025-05-26 12:43:59'),(57,21,'2025-04-26','17:00:00','00:00:00','14:00:00','Kulturnatt','2025-04-28',1,3,NULL,NULL,'2025-04-28 10:28:08','2025-05-26 12:43:53'),(58,20,'2025-04-25','17:30:00','20:00:00','03:45:00','Reception Kulturnatt','2025-04-28',1,3,NULL,NULL,'2025-04-28 13:56:50','2025-05-26 12:45:03'),(59,20,'2025-04-26','17:00:00','00:00:00','14:00:00','Kulturnatt','2025-04-28',1,3,NULL,NULL,'2025-04-28 13:56:50','2025-05-26 12:44:57'),(60,19,'2025-04-26','17:00:00','00:00:00','14:00:00','Kulturnatt','2025-04-28',1,3,NULL,NULL,'2025-04-28 15:07:38','2025-05-16 09:10:24'),(62,19,'2025-05-03','12:00:00','14:00:00','04:00:00','Vernissage Sabine Mirlesse','2025-05-05',1,3,NULL,NULL,'2025-05-05 07:52:19','2025-05-16 09:10:39'),(63,18,'2025-04-25','18:00:00','20:00:00','03:00:00','Réception Kulturnatt','2025-05-06',1,3,NULL,NULL,'2025-05-06 07:06:47','2025-05-20 13:24:19'),(64,18,'2025-04-26','17:00:00','00:00:00','14:00:00','Kulturnatt 2025','2025-05-06',1,3,NULL,NULL,'2025-05-06 07:07:52','2025-05-20 13:24:24'),(65,18,'2025-05-03','12:00:00','14:30:00','05:00:00','Vernissage Sabine Mirlesse','2025-05-06',1,3,NULL,NULL,'2025-05-06 07:09:58','2025-05-20 13:24:29'),(66,18,'2025-05-03','19:00:00','21:00:00','04:00:00','Frédéric Gies à Dansenshus + talk','2025-05-06',1,3,NULL,NULL,'2025-05-06 07:09:58','2025-05-26 12:44:45'),(67,22,'2025-04-26','16:00:00','00:00:00','16:00:00','Kulturnatt','2025-05-06',1,3,NULL,NULL,'2025-05-06 09:36:52','2025-05-26 12:42:16'),(68,21,'2025-05-21','17:30:00','20:00:00','03:45:00','AG de l\'AF de Stockholm','2025-05-22',1,3,NULL,NULL,'2025-05-22 08:01:06','2025-05-26 12:51:27'),(69,20,'2025-05-19','17:00:00','21:30:00','07:30:00','ICC Immersion jour 1','2025-05-26',1,3,NULL,NULL,'2025-05-26 08:43:58','2025-06-02 14:29:51'),(70,20,'2025-05-20','17:00:00','19:00:00','03:00:00','ICC Immersion jour 2','2025-05-26',1,3,NULL,NULL,'2025-05-26 08:43:58','2025-06-02 14:29:54'),(71,20,'2025-05-21','17:00:00','20:00:00','04:30:00','ICC Immersion jour 3','2025-05-26',1,3,NULL,NULL,'2025-05-26 08:43:58','2025-06-02 14:29:57'),(72,20,'2025-05-22','17:00:00','21:30:00','07:30:00','ICC Immersion jour 4','2025-05-26',1,3,NULL,NULL,'2025-05-26 08:43:58','2025-06-02 14:29:59'),(73,20,'2025-05-23','17:00:00','18:30:00','02:15:00','ICC Immersion jour 5','2025-05-26',1,3,NULL,NULL,'2025-05-26 08:43:58','2025-06-02 14:30:02'),(74,20,'2025-05-24','09:00:00','15:30:00','13:00:00','ICC Immersion jour 6','2025-05-26',1,3,NULL,NULL,'2025-05-26 08:43:58','2025-06-02 14:30:05'),(75,20,'2025-05-24','18:30:00','22:30:00','08:00:00','ICC Immersion jour 6','2025-05-26',1,3,NULL,NULL,'2025-05-26 08:43:58','2025-06-02 14:30:08'),(76,18,'2025-05-24','09:00:00','23:00:00','28:00:00','ICC Immersion + adieu NLR Kungliga Operan','2025-05-26',1,3,NULL,NULL,'2025-05-26 11:41:51','2025-05-27 23:15:54'),(77,24,'2025-04-26','17:00:00','00:00:00','14:00:00','Kulturnatt','2025-05-27',1,3,NULL,NULL,'2025-05-27 12:34:42','2025-06-02 14:30:10'),(78,24,'2025-06-06','08:00:00','16:00:00','16:00:00','Formation à Oslo sur un jour férié en Suède','2025-06-09',1,3,NULL,NULL,'2025-06-09 07:36:23','2025-06-23 12:13:38'),(79,12,'2025-04-26','17:00:00','00:00:00','14:00:00','Kulturnatt','2025-06-09',0,1,NULL,NULL,'2025-06-09 10:00:46','2025-06-09 10:00:46'),(80,21,'2025-06-03','17:30:00','22:45:00','09:15:00','Mission Östersund Scenkonstbiennalen','2025-06-10',1,3,NULL,NULL,'2025-06-10 07:40:09','2025-06-23 12:13:31'),(81,21,'2025-06-04','08:30:00','09:00:00','00:45:00','Mission Östersund Scenkonstbiennalen','2025-06-10',1,3,NULL,NULL,'2025-06-10 07:40:09','2025-06-23 12:13:34'),(82,21,'2025-06-04','17:30:00','23:00:00','09:45:00','Mission Östersund Scenkonstbiennalen','2025-06-10',1,3,NULL,NULL,'2025-06-10 07:40:09','2025-06-23 12:13:36'),(83,13,'2025-04-26','17:00:00','00:00:00','14:00:00','Kulturnatt 2025','2025-06-10',0,1,NULL,NULL,'2025-06-10 07:40:37','2025-06-10 07:40:37'),(84,21,'2025-07-06','11:00:00','00:30:00','27:00:00','Accompagnement délégation suédoise au festival d\'Avignon','2025-07-11',1,3,NULL,NULL,'2025-07-11 07:13:07','2025-08-06 08:13:20'),(85,21,'2025-07-07','08:45:00','00:00:00','12:53:00','Accompagnement délégation suédoise au festival d\'Avignon','2025-07-11',1,3,NULL,NULL,'2025-07-11 07:13:08','2025-08-06 08:13:22'),(86,21,'2025-07-08','17:30:00','23:30:00','10:45:00','Accompagnement délégation suédoise au festival d\'Avignon','2025-07-11',1,3,NULL,NULL,'2025-07-11 07:13:08','2025-08-06 08:13:25'),(87,21,'2025-07-09','08:00:00','09:00:00','01:30:00','Accompagnement délégation suédoise au festival d\'Avignon','2025-07-11',1,3,NULL,NULL,'2025-07-11 07:13:08','2025-08-06 08:13:28'),(88,21,'2025-07-10','17:30:00','01:30:00','14:45:00','Accompagnement délégation suédoise au festival d\'Avignon','2025-07-11',1,3,NULL,NULL,'2025-07-11 07:13:08','2025-08-06 08:13:30'),(89,21,'2025-08-17','13:30:00','17:15:00','07:30:00','Concert de Tess Le Riche au Kulturfestivalen puis réception à la Résidence de France.','2025-08-19',1,3,NULL,NULL,'2025-08-19 07:25:03','2025-08-28 13:29:28'),(90,18,'2025-08-17','13:30:00','18:00:00','09:00:00','Lancement de saison : concert Tess Le Riche + réception adieu famille Le Riche','2025-08-21',1,3,NULL,NULL,'2025-08-21 13:47:29','2025-08-28 13:29:23'),(91,18,'2025-08-20','17:00:00','21:00:00','06:30:00','Lancement de saison : projection Jane Austen + Q&A','2025-08-21',1,3,NULL,NULL,'2025-08-21 13:48:42','2025-08-28 13:29:26'),(92,21,'2025-08-20','17:30:00','21:15:00','06:15:00','Avant-première de \"Jane Austen a gâché ma vie\" au cinéma Grand.','2025-08-21',1,3,NULL,NULL,'2025-08-21 15:02:29','2025-08-28 13:29:31'),(93,24,'2025-08-20','17:15:00','21:15:00','06:38:00','Biopremiär au Grand','2025-08-28',1,3,NULL,NULL,'2025-08-28 06:54:17','2025-08-28 13:29:33'),(94,18,'2025-08-30','15:45:00','16:30:00','01:30:00','Sortie de résidence Apolline Grivelet','2025-09-01',1,3,NULL,NULL,'2025-09-01 13:21:51','2025-09-23 08:57:11'),(95,18,'2025-08-30','17:15:00','19:00:00','03:30:00','Réception Berwaldhallen Renaud Capucon','2025-09-01',1,3,NULL,NULL,'2025-09-01 13:22:35','2025-09-23 08:57:15'),(96,22,'2025-06-03','17:00:00','21:00:00','06:30:00','Nuit des idées 2025','2025-09-02',1,3,NULL,NULL,'2025-09-02 10:08:38','2025-09-23 08:57:23'),(97,18,'2025-09-03','18:00:00','19:00:00','01:30:00','Conférence Sabine Mirlesse x Sciences / Baltic Sea Festival','2025-09-11',1,3,NULL,NULL,'2025-09-11 22:31:23','2025-09-23 08:57:18'),(98,16,'2025-09-10','17:00:00','17:30:00','00:45:00','språkcafé stockholm','2025-09-12',1,3,NULL,NULL,'2025-09-12 09:49:23','2025-09-23 08:56:47'),(99,17,'2025-08-20','17:00:00','18:30:00','02:15:00','Avant Première film \"Jane Austen a gaché ma vie\"','2025-09-12',1,3,NULL,NULL,'2025-09-12 09:57:09','2025-09-23 08:56:57'),(100,17,'2025-09-10','17:00:00','17:30:00','00:45:00','Café des Langues - Bibliotèque','2025-09-12',1,3,NULL,NULL,'2025-09-12 09:57:09','2025-09-23 08:57:00'),(101,17,'2025-09-15','17:00:00','18:30:00','02:15:00','Cafe des Langues Uppsala','2025-09-16',1,3,NULL,NULL,'2025-09-16 07:19:06','2025-09-23 08:57:06'),(102,16,'2025-09-15','17:00:00','18:30:00','02:15:00','Café des langues Uppsala','2025-09-17',1,3,NULL,NULL,'2025-09-17 13:05:46','2025-10-09 10:04:40'),(104,16,'2025-09-17','17:00:00','19:00:00','03:00:00','réception LFSL résidence de france','2025-09-18',1,3,NULL,NULL,'2025-09-18 07:32:25','2025-10-09 10:04:42'),(105,17,'2025-09-17','17:00:00','19:00:00','03:00:00','Réception rentrée LFSL + FS','2025-09-19',1,3,NULL,NULL,'2025-09-19 12:42:34','2025-10-09 10:04:44'),(106,20,'2025-09-18','17:30:00','19:30:00','03:00:00','Participation ouverture GIBCA 2025 Mission Göteborg','2025-09-22',1,3,NULL,NULL,'2025-09-22 15:06:33','2025-10-09 10:05:02'),(107,20,'2025-09-19','17:30:00','22:00:00','07:45:00','Participation ouverture GIBCA 2025 Mission Göteborg','2025-09-22',1,3,NULL,NULL,'2025-09-22 15:06:33','2025-10-09 10:05:05'),(108,18,'2025-09-18','17:30:00','19:30:00','03:00:00','GIBCA Göteborg','2025-09-22',1,3,NULL,NULL,'2025-09-22 15:43:07','2025-10-09 10:04:46'),(109,18,'2025-09-20','13:30:00','18:00:00','09:00:00','GIBCA Göteborg','2025-09-22',1,3,NULL,NULL,'2025-09-22 15:43:50','2025-10-09 10:04:49'),(110,18,'2025-09-26','07:30:00','22:00:00','10:45:00','Bokmässan','2025-09-30',1,3,NULL,NULL,'2025-09-30 19:57:14','2025-10-09 10:04:51'),(111,18,'2025-09-27','08:30:00','19:00:00','21:00:00','Bokmässan : séminaires Marie Ndiaye, rencontres éditeurs, rencontre EUNIC, rencontre Bokmässan, réception Québec','2025-09-30',1,3,NULL,NULL,'2025-09-30 19:58:24','2025-10-09 10:04:53'),(112,18,'2025-09-28','08:30:00','11:45:00','06:30:00','Bokmässan','2025-09-30',1,3,NULL,NULL,'2025-09-30 19:58:55','2025-10-09 10:04:56'),(113,18,'2025-09-18','08:00:00','18:00:00','03:00:00','GIBCA Göteborg','2025-09-30',1,3,NULL,NULL,'2025-09-30 20:00:47','2025-10-09 10:04:59'),(114,20,'2025-09-25','17:30:00','18:30:00','01:30:00','Accompagnement d\'une delegation francaise dans le cadre du projet urbanisme Malmö / Nantes','2025-10-02',1,3,NULL,NULL,'2025-10-02 10:37:47','2025-10-09 10:05:06'),(115,20,'2025-09-26','17:30:00','23:30:00','10:45:00','Mission à Malmö dans le cadre du projet urbanisme Malmö / Nantes','2025-10-02',1,3,NULL,NULL,'2025-10-02 10:37:47','2025-10-09 10:05:09'),(116,20,'2025-10-06','17:30:00','18:30:00','01:30:00','Reception Eva de la Gardie à la résidence.','2025-10-07',1,3,NULL,NULL,'2025-10-07 15:08:42','2025-10-09 10:05:11'),(117,22,'2025-10-06','17:00:00','19:30:00','03:45:00','Interviews Alumni IFS et Institut suédois à la réception Eva de la Gardie','2025-10-09',1,3,NULL,NULL,'2025-10-09 09:12:42','2025-10-09 10:05:15'),(118,20,'2025-10-08','18:00:00','19:30:00','02:15:00','Participation Open Studios à EMS pour évenement sortie de résidence de Laure Boer. Pour faire de la communication','2025-10-09',1,3,NULL,NULL,'2025-10-09 14:04:48','2025-10-23 12:31:09'),(119,20,'2025-10-09','17:30:00','18:30:00','01:30:00','Vernissage Millesgården representation du pôle culturel.','2025-10-10',1,3,NULL,NULL,'2025-10-10 07:54:12','2025-10-23 12:31:14'),(120,18,'2025-10-09','18:00:00','19:00:00','01:30:00','Concert de gala / Fondation Hasselblad - Sophie Ristelhueber','2025-10-12',1,3,NULL,NULL,'2025-10-12 23:23:28','2025-10-23 12:30:56'),(121,18,'2025-10-10','17:00:00','22:30:00','09:30:00','Cérémonie de remise de prix Fondation Hasselblad - Sophie Ristelhueber','2025-10-12',1,3,NULL,NULL,'2025-10-12 23:24:17','2025-10-23 12:30:59'),(122,18,'2025-10-11','09:00:00','12:00:00','06:00:00','Mission remise de prix Fondation Hasselblad / Sophie Ristelhueber','2025-10-12',1,3,NULL,NULL,'2025-10-12 23:25:02','2025-10-23 12:31:02'),(123,18,'2025-10-12','16:00:00','23:00:00','14:00:00','Déplacement formation musiques actuelles - Paris','2025-10-12',1,3,NULL,NULL,'2025-10-12 23:26:02','2025-10-23 12:31:05'),(124,21,'2025-10-15','19:00:00','21:00:00','03:30:00','Réception Hasselblad','2025-10-16',1,3,NULL,NULL,'2025-10-16 07:31:16','2025-10-23 12:31:18'),(125,21,'2025-10-17','18:00:00','22:00:00','07:00:00','Réunion nationale des AF de Suède','2025-10-20',1,3,NULL,NULL,'2025-10-20 08:26:06','2025-10-23 12:31:21'),(126,21,'2025-10-18','10:00:00','23:00:00','26:00:00','Réunion nationale des AF de Suède','2025-10-20',1,3,NULL,NULL,'2025-10-20 08:26:06','2025-10-23 12:31:25'),(127,21,'2025-10-19','08:45:00','15:45:00','14:00:00','Réunion nationale des AF de Suède','2025-10-20',1,3,NULL,NULL,'2025-10-20 08:26:06','2025-10-23 12:31:28'),(128,16,'2025-09-29','14:00:00','18:00:00','01:30:00','café des langues','2025-10-21',1,3,NULL,NULL,'2025-10-21 08:52:56','2025-10-23 12:30:40'),(129,16,'2025-10-13','14:00:00','18:00:00','01:30:00','café des langues uppsala','2025-10-21',1,3,NULL,NULL,'2025-10-21 08:53:19','2025-10-23 12:30:44'),(130,16,'2025-10-15','16:30:00','17:30:00','00:45:00','café des langues biblio','2025-10-21',1,3,NULL,NULL,'2025-10-21 08:54:03','2025-10-23 12:30:49'),(131,16,'2025-10-01','16:30:00','17:30:00','00:45:00','café des langues biblio','2025-10-21',1,3,NULL,NULL,'2025-10-21 08:54:28','2025-10-23 12:30:52'),(132,16,'2025-10-22','16:30:00','17:45:00','01:08:00','café des langues bibliothèque','2025-10-23',1,3,NULL,NULL,'2025-10-23 15:38:28','2025-10-31 11:31:25'),(133,16,'2025-10-23','17:00:00','17:30:00','00:45:00','mise en page pour signature lettre à l\'ambassadeur, AF Orebro université remerciments','2025-10-23',1,3,NULL,NULL,'2025-10-23 15:39:22','2025-10-31 11:31:29'),(135,17,'2025-10-27','17:00:00','19:30:00','03:45:00','Formation ANL','2025-10-31',1,3,NULL,NULL,'2025-10-31 15:30:34','2025-11-05 15:16:37'),(136,17,'2025-10-28','17:00:00','19:00:00','03:00:00','Formation ANL','2025-10-31',1,3,NULL,NULL,'2025-10-31 15:31:53','2025-11-05 15:16:40'),(137,17,'2025-11-03','17:00:00','18:30:00','02:15:00','Café des Langues Uppsala retard de train','2025-11-04',1,3,NULL,NULL,'2025-11-04 11:21:07','2025-11-05 15:16:44'),(138,20,'2025-11-05','17:30:00','22:00:00','07:45:00','Programme Résonances à Göteborg','2025-11-10',1,3,NULL,NULL,'2025-11-10 13:41:18','2025-11-12 08:44:25'),(139,20,'2025-11-06','17:30:00','22:00:00','07:45:00','Programme Résonances à Göteborg','2025-11-10',1,3,NULL,NULL,'2025-11-10 13:41:18','2025-11-12 08:44:27'),(140,18,'2025-10-14','17:30:00','21:00:00','05:45:00','Formation musiques actuelles / réception MaMa CNM','2025-11-10',1,3,NULL,NULL,'2025-11-10 15:37:05','2025-11-12 08:44:14'),(141,18,'2025-10-16','17:30:00','21:00:00','05:45:00','Formation musiques actuelles','2025-11-10',1,3,NULL,NULL,'2025-11-10 15:39:14','2025-11-12 08:44:17'),(142,18,'2025-11-05','17:30:00','22:00:00','07:45:00','Résonances #2.1 à Göteborg','2025-11-10',1,3,NULL,NULL,'2025-11-10 15:41:01','2025-11-12 08:44:19'),(143,18,'2025-11-06','17:30:00','22:00:00','07:45:00','Résonances #2.1 à Göteborg','2025-11-10',1,3,NULL,NULL,'2025-11-10 15:41:20','2025-11-12 08:44:22'),(144,17,'2025-11-08','09:00:00','12:00:00','06:00:00','Lund','2025-11-12',1,3,NULL,NULL,'2025-11-12 15:57:58','2025-11-20 14:39:51'),(145,17,'2025-11-09','20:00:00','21:00:00','02:00:00','Lund','2025-11-12',1,3,NULL,NULL,'2025-11-12 15:57:58','2025-11-20 14:39:54'),(146,16,'2025-11-17','17:00:00','18:00:00','01:30:00','Café des langues Uppsala','2025-11-18',1,3,NULL,NULL,'2025-11-18 15:02:07','2025-11-20 14:39:47'),(147,16,'2025-11-20','17:00:00','19:45:00','04:08:00','JIPF','2025-11-25',1,3,NULL,NULL,'2025-11-25 08:48:46','2025-11-27 13:15:48'),(148,17,'2025-11-20','17:00:00','19:45:00','04:08:00',NULL,'2025-11-25',1,3,NULL,NULL,'2025-11-25 08:48:56','2025-11-27 13:15:52'),(149,19,'2025-09-26','17:00:00','22:00:00','08:30:00','Bokmassa','2025-11-27',0,3,NULL,NULL,'2025-11-27 13:33:13','2025-12-01 09:17:18'),(150,19,'2025-09-27','08:00:00','13:00:00','10:00:00','Bokmassa','2025-11-27',0,3,NULL,NULL,'2025-11-27 13:33:13','2025-12-01 09:17:21'),(151,18,'2025-11-27','08:05:00','23:30:00','12:53:00','Mission festival Viva Sound','2025-12-01',0,3,NULL,NULL,'2025-12-01 09:03:04','2025-12-01 09:17:23'),(152,18,'2025-11-28','17:30:00','21:00:00','05:45:00','Mission Festival Viva Sound','2025-12-01',0,3,NULL,NULL,'2025-12-01 09:03:38','2025-12-01 09:17:26'),(153,16,'2025-12-01','14:00:00','18:15:00','01:53:00','club de langue uppsala','2025-12-02',0,2,NULL,NULL,'2025-12-02 13:34:40','2025-12-02 14:02:02');
/*!40000 ALTER TABLE `overtimes` ENABLE KEYS */;
UNLOCK TABLES;

--
-- Table structure for table `password_resets`
--

DROP TABLE IF EXISTS `password_resets`;
/*!40101 SET @saved_cs_client     = @@character_set_client */;
/*!50503 SET character_set_client = utf8mb4 */;
CREATE TABLE `password_resets` (
  `email` varchar(255) COLLATE utf8mb4_unicode_ci NOT NULL,
  `token` varchar(255) COLLATE utf8mb4_unicode_ci NOT NULL,
  `created_at` timestamp NULL DEFAULT NULL,
  KEY `password_resets_email_index` (`email`)
) ENGINE=InnoDB DEFAULT CHARSET=utf8mb4 COLLATE=utf8mb4_unicode_ci ROW_FORMAT=DYNAMIC;
/*!40101 SET character_set_client = @saved_cs_client */;

--
-- Dumping data for table `password_resets`
--

LOCK TABLES `password_resets` WRITE;
/*!40000 ALTER TABLE `password_resets` DISABLE KEYS */;
/*!40000 ALTER TABLE `password_resets` ENABLE KEYS */;
UNLOCK TABLES;

--
-- Table structure for table `permissions`
--

DROP TABLE IF EXISTS `permissions`;
/*!40101 SET @saved_cs_client     = @@character_set_client */;
/*!50503 SET character_set_client = utf8mb4 */;
CREATE TABLE `permissions` (
  `id` bigint unsigned NOT NULL AUTO_INCREMENT,
  `name` varchar(255) COLLATE utf8mb4_unicode_ci NOT NULL,
  `guard_name` varchar(255) COLLATE utf8mb4_unicode_ci NOT NULL,
  `created_at` timestamp NULL DEFAULT NULL,
  `updated_at` timestamp NULL DEFAULT NULL,
  PRIMARY KEY (`id`),
  UNIQUE KEY `permissions_name_guard_name_unique` (`name`,`guard_name`)
) ENGINE=InnoDB DEFAULT CHARSET=utf8mb4 COLLATE=utf8mb4_unicode_ci ROW_FORMAT=DYNAMIC;
/*!40101 SET character_set_client = @saved_cs_client */;

--
-- Dumping data for table `permissions`
--

LOCK TABLES `permissions` WRITE;
/*!40000 ALTER TABLE `permissions` DISABLE KEYS */;
/*!40000 ALTER TABLE `permissions` ENABLE KEYS */;
UNLOCK TABLES;

--
-- Table structure for table `personal_access_tokens`
--

DROP TABLE IF EXISTS `personal_access_tokens`;
/*!40101 SET @saved_cs_client     = @@character_set_client */;
/*!50503 SET character_set_client = utf8mb4 */;
CREATE TABLE `personal_access_tokens` (
  `id` bigint unsigned NOT NULL AUTO_INCREMENT,
  `tokenable_type` varchar(255) COLLATE utf8mb4_unicode_ci NOT NULL,
  `tokenable_id` bigint unsigned NOT NULL,
  `name` varchar(255) COLLATE utf8mb4_unicode_ci NOT NULL,
  `token` varchar(64) COLLATE utf8mb4_unicode_ci NOT NULL,
  `abilities` text COLLATE utf8mb4_unicode_ci,
  `last_used_at` timestamp NULL DEFAULT NULL,
  `expires_at` timestamp NULL DEFAULT NULL,
  `created_at` timestamp NULL DEFAULT NULL,
  `updated_at` timestamp NULL DEFAULT NULL,
  PRIMARY KEY (`id`),
  UNIQUE KEY `personal_access_tokens_token_unique` (`token`),
  KEY `personal_access_tokens_tokenable_type_tokenable_id_index` (`tokenable_type`,`tokenable_id`)
) ENGINE=InnoDB DEFAULT CHARSET=utf8mb4 COLLATE=utf8mb4_unicode_ci ROW_FORMAT=DYNAMIC;
/*!40101 SET character_set_client = @saved_cs_client */;

--
-- Dumping data for table `personal_access_tokens`
--

LOCK TABLES `personal_access_tokens` WRITE;
/*!40000 ALTER TABLE `personal_access_tokens` DISABLE KEYS */;
/*!40000 ALTER TABLE `personal_access_tokens` ENABLE KEYS */;
UNLOCK TABLES;

--
-- Table structure for table `role_has_permissions`
--

DROP TABLE IF EXISTS `role_has_permissions`;
/*!40101 SET @saved_cs_client     = @@character_set_client */;
/*!50503 SET character_set_client = utf8mb4 */;
CREATE TABLE `role_has_permissions` (
  `permission_id` bigint unsigned NOT NULL,
  `role_id` bigint unsigned NOT NULL,
  PRIMARY KEY (`permission_id`,`role_id`),
  KEY `role_has_permissions_role_id_foreign` (`role_id`),
  CONSTRAINT `role_has_permissions_permission_id_foreign` FOREIGN KEY (`permission_id`) REFERENCES `permissions` (`id`) ON DELETE CASCADE,
  CONSTRAINT `role_has_permissions_role_id_foreign` FOREIGN KEY (`role_id`) REFERENCES `roles` (`id`) ON DELETE CASCADE
) ENGINE=InnoDB DEFAULT CHARSET=utf8mb4 COLLATE=utf8mb4_unicode_ci ROW_FORMAT=DYNAMIC;
/*!40101 SET character_set_client = @saved_cs_client */;

--
-- Dumping data for table `role_has_permissions`
--

LOCK TABLES `role_has_permissions` WRITE;
/*!40000 ALTER TABLE `role_has_permissions` DISABLE KEYS */;
/*!40000 ALTER TABLE `role_has_permissions` ENABLE KEYS */;
UNLOCK TABLES;

--
-- Table structure for table `roles`
--

DROP TABLE IF EXISTS `roles`;
/*!40101 SET @saved_cs_client     = @@character_set_client */;
/*!50503 SET character_set_client = utf8mb4 */;
CREATE TABLE `roles` (
  `id` bigint unsigned NOT NULL AUTO_INCREMENT,
  `name` varchar(255) COLLATE utf8mb4_unicode_ci NOT NULL,
  `display_name` varchar(255) COLLATE utf8mb4_unicode_ci DEFAULT NULL,
  `guard_name` varchar(255) COLLATE utf8mb4_unicode_ci NOT NULL,
  `created_at` timestamp NULL DEFAULT NULL,
  `updated_at` timestamp NULL DEFAULT NULL,
  PRIMARY KEY (`id`),
  UNIQUE KEY `roles_name_guard_name_unique` (`name`,`guard_name`)
) ENGINE=InnoDB AUTO_INCREMENT=5 DEFAULT CHARSET=utf8mb4 COLLATE=utf8mb4_unicode_ci ROW_FORMAT=DYNAMIC;
/*!40101 SET character_set_client = @saved_cs_client */;

--
-- Dumping data for table `roles`
--

LOCK TABLES `roles` WRITE;
/*!40000 ALTER TABLE `roles` DISABLE KEYS */;
INSERT INTO `roles` VALUES (1,'employee','Employee','web','2025-01-12 19:56:09','2025-01-12 19:56:09'),(2,'human_resource','HR','web','2025-01-12 19:56:09','2025-01-12 19:56:09'),(3,'sg','SG','web','2025-01-12 19:56:09','2025-01-12 19:56:09'),(4,'head','Directice IF','web','2025-01-12 19:56:09','2025-01-29 17:14:43');
/*!40000 ALTER TABLE `roles` ENABLE KEYS */;
UNLOCK TABLES;
/*!40103 SET TIME_ZONE=@OLD_TIME_ZONE */;

/*!40101 SET SQL_MODE=@OLD_SQL_MODE */;
/*!40014 SET FOREIGN_KEY_CHECKS=@OLD_FOREIGN_KEY_CHECKS */;
/*!40014 SET UNIQUE_CHECKS=@OLD_UNIQUE_CHECKS */;
/*!40101 SET CHARACTER_SET_CLIENT=@OLD_CHARACTER_SET_CLIENT */;
/*!40101 SET CHARACTER_SET_RESULTS=@OLD_CHARACTER_SET_RESULTS */;
/*!40101 SET COLLATION_CONNECTION=@OLD_COLLATION_CONNECTION */;
/*!40111 SET SQL_NOTES=@OLD_SQL_NOTES */;

-- Dump completed on 2025-12-02 23:33:48
